ms_Vx	ms_Vy	hdr_Vx	hdr_Vy	ms_res	hdr_res	d_Vx	d_Vy	d_res	d_relative_Vx	d_relative_Vy	d_relative_res
1.84156	-0.0384271	2.11597	-0.137442	1.84197	2.12043	-0.274402	0.0990149	-0.27846	-12.9682	-72.0412	-13.1323
1.63586	-0.0487197	2.10016	-0.10157	1.63658	2.10261	-0.464302	0.0528503	-0.466031	-22.1079	-52.0334	-22.1644
1.67465	-0.0015395	2.0793	-0.059857	1.67465	2.08016	-0.40465	0.0583175	-0.405511	-19.4609	-97.428	-19.4942
1.74959	0.0014653	2.05179	-0.012163	1.74959	2.05182	-0.302201	0.0136283	-0.302236	-14.7287	-112.047	-14.7301
1.60557	0.0339327	2.02094	0.03618	1.60593	2.02126	-0.415371	-0.0022473	-0.415336	-20.5533	-6.21144	-20.5483
1.6417	0.0511056	1.98654	0.081103	1.6425	1.98819	-0.344833	-0.0299974	-0.345693	-17.3585	-36.9868	-17.3873
1.65606	0.0369218	1.95197	0.121848	1.65647	1.95577	-0.295905	-0.0849262	-0.299293	-15.1593	-69.6985	-15.3031
1.58417	0.0752872	1.92725	0.162853	1.58595	1.93412	-0.343082	-0.0875658	-0.348163	-17.8017	-53.7698	-18.0011
1.6263	0.0688211	1.90889	0.202423	1.62775	1.9196	-0.282599	-0.133602	-0.291846	-14.8043	-66.0013	-15.2035
1.53743	0.120149	1.88569	0.236898	1.54212	1.90051	-0.348257	-0.116749	-0.358392	-18.4684	-49.2823	-18.8577
1.75054	0.118748	1.85924	0.272988	1.75456	1.87917	-0.108698	-0.15424	-0.124609	-5.84638	-56.5006	-6.63107
1.66975	0.14718	1.83128	0.301272	1.67623	1.85589	-0.161527	-0.154092	-0.179669	-8.82043	-51.1473	-9.68099
1.55246	0.251428	1.80108	0.31331	1.57269	1.82813	-0.248628	-0.0618825	-0.255448	-13.8043	-19.7512	-13.9732
1.6034	0.225034	1.77098	0.313968	1.61912	1.7986	-0.167578	-0.0889343	-0.179479	-9.46246	-28.3259	-9.97886
1.29864	0.34467	1.74515	0.31446	1.3436	1.77326	-0.446507	0.0302096	-0.429651	-25.5856	9.60682	-24.2295
1.43553	0.358365	1.72497	0.314424	1.47958	1.75339	-0.289439	0.0439409	-0.273806	-16.7794	13.975	-15.6158
1.51164	0.278449	1.70902	0.306942	1.53708	1.73637	-0.197377	-0.0284933	-0.199291	-11.5492	-9.28296	-11.4775
1.46191	0.133904	1.69622	0.290776	1.46803	1.72096	-0.234304	-0.156872	-0.252927	-13.8133	-53.9494	-14.6969
1.05898	0.255056	1.68752	0.272245	1.08927	1.70934	-0.628538	-0.017189	-0.620076	-37.2462	-6.3138	-36.2757
1.24913	0.146895	1.68116	0.25067	1.25774	1.69975	-0.43203	-0.103775	-0.442008	-25.6983	-41.3993	-26.0043
1.17218	0.227454	1.67492	0.222331	1.19404	1.68962	-0.502747	0.0051233	-0.495574	-30.0161	2.30436	-29.3306
1.35837	0.190168	1.66992	0.19257	1.37162	1.68099	-0.311548	-0.0024018	-0.309368	-18.6565	-1.24723	-18.4039
1.34131	0.195398	1.66434	0.166154	1.35547	1.67262	-0.323036	0.0292442	-0.317151	-19.4092	17.6007	-18.9614
1.13717	0.0564676	1.65609	0.138419	1.13858	1.66187	-0.518919	-0.0819514	-0.523293	-31.3339	-59.2053	-31.4882
0.370327	0.0551353	1.65071	0.10612	0.374409	1.65412	-1.28038	-0.0509847	-1.27971	-77.5655	-48.0444	-77.365
0.26156	-0.215871	1.65271	0.074066	0.339137	1.65436	-1.39115	-0.289937	-1.31523	-84.1738	-391.458	-79.5005
1.11604	-0.0617739	1.65808	0.049628	1.11775	1.65882	-0.542039	-0.111402	-0.541073	-32.6907	-224.474	-32.6179
1.34898	-0.140332	1.66808	0.031345	1.35626	1.66837	-0.319097	-0.171677	-0.312112	-19.1296	-547.702	-18.7076
1.57657	0.046684	1.68731	0.012211	1.57726	1.68736	-0.110747	0.034473	-0.1101	-6.56352	282.311	-6.52501
1.58706	0.0023751	1.71695	-0.009638	1.58706	1.71698	-0.129895	0.0120131	-0.12992	-7.56545	-124.643	-7.56681
1.77852	0.0617669	1.75368	-0.03077	1.77959	1.75395	0.0248349	0.0925369	0.0256372	1.41616	-300.737	1.46168
1.75343	-0.0739054	1.79137	-0.048338	1.75499	1.79203	-0.0379415	-0.0255674	-0.0370367	-2.11801	52.893	-2.06675
1.74677	-0.068481	1.82754	-0.06594	1.74811	1.82873	-0.0807703	-0.002541	-0.0806177	-4.41961	3.8535	-4.40839
1.61935	0.0088452	1.86432	-0.084669	1.61938	1.86624	-0.244968	0.0935142	-0.246865	-13.1398	-110.447	-13.2279
2.06906	-0.0850332	1.90064	-0.101453	2.0708	1.90335	0.168413	0.0164198	0.167454	8.86083	-16.1846	8.79784
1.92614	-0.0602293	1.93353	-0.120065	1.92708	1.93725	-0.0073887	0.0598357	-0.0101715	-0.382136	-49.8361	-0.525046
2.01271	-0.0985558	1.95919	-0.134378	2.01512	1.9638	0.0535141	0.0358222	0.0513227	2.73143	-26.6578	2.61344
1.6732	-0.0432929	1.97932	-0.145887	1.67376	1.98469	-0.306114	0.102594	-0.310923	-15.4656	-70.3244	-15.6661
1.74514	-0.0553595	1.99994	-0.157208	1.74602	2.00611	-0.254797	0.101848	-0.260088	-12.7402	-64.7858	-12.9648
2.03339	-0.0718748	2.01861	-0.168069	2.03466	2.0256	0.0147755	0.0961942	0.00906079	0.731963	-57.2349	0.447315
1.73363	-0.0480438	2.0331	-0.174331	1.7343	2.04056	-0.299475	0.126287	-0.306269	-14.7299	-72.441	-15.0091
1.74972	-0.0675301	2.04091	-0.179343	1.75102	2.04878	-0.291193	0.111813	-0.297755	-14.2678	-62.3458	-14.5333
1.66262	-0.311099	2.04942	-0.185713	1.69148	2.05781	-0.386797	-0.125386	-0.366339	-18.8735	67.5162	-17.8023
1.80376	-0.0752411	2.05723	-0.192178	1.80533	2.06619	-0.253469	0.116937	-0.260858	-12.3209	-60.8482	-12.6251
1.79067	-0.0627938	2.06424	-0.19485	1.79177	2.07341	-0.273566	0.132056	-0.281641	-13.2526	-67.7733	-13.5834
1.7907	-0.0613224	2.07932	-0.197368	1.79175	2.08867	-0.288629	0.136046	-0.296926	-13.8809	-68.9299	-14.216
1.77038	-0.0725608	2.09644	-0.200944	1.77186	2.10605	-0.326068	0.128383	-0.33419	-15.5534	-63.89	-15.8681
1.83198	-0.102566	2.11426	-0.200433	1.83484	2.12374	-0.282287	0.0978672	-0.288897	-13.3515	-48.8279	-13.6032
1.75128	-0.0713525	2.13127	-0.197496	1.75273	2.1404	-0.379995	0.126144	-0.387673	-17.8295	-63.8714	-18.1121
1.80834	-0.0793031	2.14273	-0.192728	1.81008	2.15138	-0.334393	0.113425	-0.341305	-15.6059	-58.8523	-15.8644
1.85315	-0.107056	2.14773	-0.186676	1.85624	2.15583	-0.294583	0.07962	-0.299591	-13.716	-42.6514	-13.8968
1.76097	-0.0704835	2.15419	-0.179773	1.76238	2.16168	-0.393222	0.109289	-0.399301	-18.2538	-60.7931	-18.4718
1.70307	-0.0648821	2.16329	-0.17172	1.70431	2.17009	-0.460214	0.106838	-0.465783	-21.2738	-62.2163	-21.4638
1.73541	-0.0638275	2.17848	-0.16156	1.73659	2.18446	-0.443068	0.0977325	-0.447877	-20.3384	-60.493	-20.5028
1.85102	-0.0541325	2.19002	-0.149323	1.85181	2.19511	-0.338999	0.0951905	-0.343292	-15.4792	-63.748	-15.639
1.80839	-0.0599224	2.18654	-0.134489	1.80938	2.19068	-0.378153	0.0745666	-0.381292	-17.2945	-55.4444	-17.4052
1.71026	-0.0417417	2.16979	-0.115213	1.71077	2.17285	-0.459528	0.0734713	-0.462076	-21.1785	-63.77	-21.2659
1.74457	-0.0355433	2.14504	-0.093131	1.74493	2.14706	-0.400466	0.0575877	-0.402125	-18.6694	-61.8352	-18.7291
1.78372	-0.0419593	2.11968	-0.072372	1.78421	2.12092	-0.335967	0.0304127	-0.336708	-15.8499	-42.0227	-15.8756
1.66404	-0.0084262	2.09425	-0.053535	1.66406	2.09493	-0.430207	0.0451088	-0.430869	-20.5423	-84.2604	-20.5672
1.80532	-0.0291349	2.06727	-0.035168	1.80556	2.06757	-0.261946	0.0060331	-0.26201	-12.6711	-17.1551	-12.6724
1.83337	0.0024474	2.04112	-0.014893	1.83337	2.04117	-0.207747	0.0173404	-0.2078	-10.1781	-116.433	-10.1804
2.00032	-0.136149	2.01787	0.007666	2.00495	2.01789	-0.0175505	-0.143815	-0.012937	-0.869752	-1876.01	-0.641117
1.68322	0.0218508	1.998	0.030017	1.68336	1.99823	-0.314782	-0.0081662	-0.314865	-15.7548	-27.2053	-15.7572
1.61664	0.0323027	1.98058	0.051891	1.61696	1.98126	-0.363942	-0.0195883	-0.364299	-18.3755	-37.7489	-18.3872
1.62454	0.0550957	1.96251	0.075316	1.62547	1.96395	-0.337967	-0.0202203	-0.338478	-17.2212	-26.8473	-17.2345
1.66518	0.0527146	1.93928	0.095792	1.66602	1.94164	-0.27409	-0.0430774	-0.275621	-14.1337	-44.9697	-14.1953
1.77796	0.0696836	1.91276	0.115579	1.77932	1.91625	-0.134808	-0.0458954	-0.136932	-7.04783	-39.7091	-7.14582
0.828943	0.149894	1.88863	0.137206	0.842386	1.89361	-1.05969	0.0126877	-1.05122	-56.1087	9.24719	-55.5142
1.68001	0.0638116	1.8681	0.159103	1.68122	1.87486	-0.188089	-0.0952914	-0.19364	-10.0685	-59.8929	-10.3282
0.817882	0.106115	1.85017	0.177024	0.824737	1.85861	-1.03228	-0.0709089	-1.03388	-55.7941	-40.0561	-55.6262
0.730277	0.187787	1.83526	0.188848	0.754035	1.84495	-1.10498	-0.0010606	-1.09091	-60.2084	-0.561616	-59.1297
1.61418	0.0860997	1.82063	0.193274	1.61647	1.83086	-0.206453	-0.107174	-0.214388	-11.3396	-55.452	-11.7097
1.10829	0.143411	1.80412	0.196907	1.11753	1.81483	-0.695833	-0.0534962	-0.697307	-38.5691	-27.1683	-38.4227
1.17797	0.0985947	1.78137	0.201684	1.18209	1.79275	-0.603393	-0.103089	-0.610655	-33.8725	-51.1143	-34.0625
1.34752	0.0668662	1.75544	0.20341	1.34917	1.76719	-0.407927	-0.136544	-0.418015	-23.2379	-67.1274	-23.6542
1.42439	0.0779461	1.73587	0.197588	1.42652	1.74707	-0.311472	-0.119642	-0.32055	-17.9433	-60.5512	-18.3478
2.01536	0.050025	1.72344	0.188081	2.01598	1.73367	0.291921	-0.138056	0.28231	16.9383	-73.4024	16.2839
2.00093	0.201329	1.71326	0.178072	2.01104	1.72249	0.287673	0.0232568	0.288547	16.791	13.0603	16.7517
1.88655	0.0847979	1.70405	0.164198	1.88845	1.71194	0.182503	-0.0794001	0.176516	10.71	-48.3563	10.3109
1.95576	0.17267	1.69201	0.143507	1.96337	1.69808	0.263754	0.029163	0.265287	15.5882	20.3217	15.6227
2.07867	0.145139	1.67958	0.126606	2.08373	1.68435	0.399088	0.0185334	0.399384	23.7612	14.6386	23.7115
1.6938	0.0386708	1.6662	0.115969	1.69424	1.67023	0.0276022	-0.0772982	0.0240127	1.65659	-66.6542	1.43769
1.62316	0.0881574	1.65366	0.095282	1.62555	1.6564	-0.0304968	-0.0071246	-0.0308473	-1.8442	-7.47738	-1.86231
1.61723	0.0463808	1.6486	0.073082	1.61789	1.65022	-0.0313734	-0.0267012	-0.0323275	-1.90303	-36.5359	-1.95898
1.5904	0.0466873	1.65135	0.055231	1.59108	1.65228	-0.0609579	-0.0085437	-0.0611961	-3.69139	-15.469	-3.70374
1.65407	0.0335676	1.65891	0.039898	1.65441	1.65939	-0.0048433	-0.0063304	-0.00498244	-0.291956	-15.8665	-0.300257
1.62269	0.049304	1.66855	0.024679	1.62344	1.66873	-0.0458594	0.024625	-0.045293	-2.74845	99.7812	-2.71422
1.77082	0.110293	1.68204	0.007959	1.77425	1.68206	0.0887816	0.102334	0.0921942	5.27821	1285.77	5.48104
1.58017	0.0562338	1.69811	-0.008479	1.58117	1.69813	-0.11794	0.0647128	-0.116961	-6.94534	-763.213	-6.8876
1.90777	0.0407319	1.71721	-0.023608	1.90821	1.71738	0.190561	0.0643399	0.190833	11.0971	-272.534	11.1119
1.59635	0.0270579	1.74144	-0.038186	1.59658	1.74186	-0.145093	0.0652439	-0.145282	-8.33175	-170.858	-8.34062
1.66245	0.0495525	1.76679	-0.050904	1.66318	1.76752	-0.104341	0.100457	-0.104336	-5.90569	-197.345	-5.90295
1.94055	0.0060309	1.78734	-0.061311	1.94056	1.78839	0.153214	0.0673419	0.152172	8.57219	-109.837	8.5089
1.62806	-0.0015106	1.80366	-0.072779	1.62806	1.80512	-0.175591	0.0712684	-0.177058	-9.73528	-97.9244	-9.80863
1.99452	-0.0590619	1.8204	-0.085728	1.9954	1.82241	0.174127	0.0266661	0.172984	9.56534	-31.1055	9.49202
1.5812	-0.0126216	1.83923	-0.097013	1.58125	1.84179	-0.258033	0.0843914	-0.260539	-14.0294	-86.9898	-14.146
1.71355	-0.0138701	1.85888	-0.103596	1.71361	1.86176	-0.145326	0.0897259	-0.148155	-7.81797	-86.6114	-7.95778
1.64398	-0.0362967	1.88045	-0.106476	1.64438	1.88346	-0.23647	0.0701793	-0.239081	-12.5752	-65.9109	-12.6937
2.19116	-0.124906	1.90094	-0.112166	2.19472	1.90425	0.29022	-0.0127397	0.290471	15.2672	11.3579	15.2539
1.64904	-0.0304032	1.91438	-0.117755	1.64932	1.918	-0.265336	0.0873518	-0.268674	-13.8602	-74.181	-14.008
1.68578	-0.0098633	1.92058	-0.113972	1.68581	1.92396	-0.234799	0.104109	-0.238149	-12.2254	-91.3459	-12.3781
1.6291	-0.0346898	1.92279	-0.105571	1.62947	1.92569	-0.293689	0.0708812	-0.296216	-15.2741	-67.1408	-15.3824
1.52881	-0.0104063	1.9242	-0.103677	1.52885	1.92699	-0.395385	0.0932707	-0.398141	-20.5481	-89.9628	-20.6613
1.57443	-0.0421693	1.92319	-0.099782	1.575	1.92578	-0.348761	0.0576127	-0.350783	-18.1345	-57.7386	-18.2151
1.60728	-0.0341225	1.92165	-0.090656	1.60764	1.92379	-0.314371	0.0565335	-0.316146	-16.3594	-62.3605	-16.4335
1.58039	-0.0176001	1.92093	-0.081931	1.58049	1.92267	-0.340536	0.0643309	-0.342184	-17.7277	-78.5184	-17.7973
1.61554	-0.0374882	1.91695	-0.072951	1.61597	1.91834	-0.301418	0.0354628	-0.302371	-15.7238	-48.6118	-15.7621
1.58998	-0.0103999	1.91038	-0.06186	1.59001	1.91138	-0.320401	0.0514601	-0.321368	-16.7716	-83.188	-16.8134
1.52678	-0.026647	1.90456	-0.049405	1.52701	1.9052	-0.377782	0.022758	-0.37819	-19.8356	-46.0642	-19.8504
1.56316	0.0007609	1.90047	-0.037905	1.56316	1.90085	-0.337312	0.0386659	-0.33769	-17.7489	-102.007	-17.7652
1.64048	-0.0180189	1.89625	-0.028786	1.64057	1.89647	-0.255778	0.0107671	-0.255898	-13.4886	-37.4039	-13.4934
1.60874	0.0114222	1.88963	-0.020698	1.60878	1.88975	-0.280888	0.0321202	-0.280961	-14.8647	-155.185	-14.8677
1.79796	-0.036618	1.87955	-0.012797	1.79833	1.8796	-0.0815957	-0.023821	-0.0812664	-4.34123	186.145	-4.32361
1.60013	0.0096991	1.86626	-0.005424	1.60016	1.86627	-0.26613	0.0151231	-0.266108	-14.26	-278.818	-14.2588
1.63094	0.0098003	1.8517	0.00154	1.63097	1.8517	-0.220762	0.0082603	-0.220733	-11.9221	536.383	-11.9205
1.60589	0.0339458	1.83777	0.00805	1.60625	1.83778	-0.231874	0.0258958	-0.231533	-12.6172	321.687	-12.5985
1.58141	-0.0023451	1.82473	0.013434	1.58141	1.82478	-0.243314	-0.0157791	-0.243361	-13.3343	-117.456	-13.3365
1.64714	0.0374854	1.81347	0.016876	1.64756	1.81355	-0.16633	0.0206094	-0.165982	-9.17195	122.123	-9.15237
1.84888	-0.0540555	1.80523	0.020457	1.84967	1.80534	0.0436468	-0.0745125	0.0443209	2.4178	-364.24	2.45498
1.63066	-0.0004958	1.79623	0.025657	1.63066	1.79642	-0.165569	-0.0261528	-0.165752	-9.21757	-101.932	-9.22682
1.67205	0.0453516	1.78497	0.029978	1.67266	1.78522	-0.11292	0.0153736	-0.112557	-6.32618	51.2829	-6.30495
1.83732	-0.100646	1.77194	0.031674	1.84008	1.77222	0.0653796	-0.13232	0.0678511	3.68972	-417.755	3.82858
1.8411	0.162253	1.7569	0.031436	1.84824	1.75718	0.0841989	0.130817	0.0910534	4.79247	416.137	5.18178
2.14466	0.10326	1.74085	0.034945	2.14714	1.7412	0.403802	0.0683152	0.405936	23.1956	195.493	23.3135
2.08861	0.079689	1.72674	0.042612	2.09013	1.72727	0.361872	0.037077	0.362866	20.9569	87.0107	21.0081
2.28552	0.173397	1.71441	0.048014	2.29209	1.71509	0.571104	0.125383	0.577	33.3119	261.138	33.6426
2.20824	0.0671472	1.69947	0.052768	2.20926	1.70029	0.508773	0.0143792	0.508975	29.9372	27.2498	29.9346
1.93662	0.0232797	1.68083	0.057853	1.93676	1.68183	0.255791	-0.0345733	0.254936	15.2182	-59.7606	15.1583
2.0386	-0.0376753	1.664	0.060543	2.03895	1.6651	0.374607	-0.0982183	0.373854	22.5125	-162.229	22.4524
1.65086	0.0327032	1.64552	0.064803	1.65119	1.64679	0.0053442	-0.0320998	0.00439256	0.324773	-49.5344	0.266734
1.61673	0.0364325	1.62248	0.074025	1.61714	1.62417	-0.0057546	-0.0375925	-0.00703195	-0.354678	-50.7835	-0.432956
1.53977	0.0292781	1.60862	0.082821	1.54004	1.61076	-0.0688598	-0.0535429	-0.0707121	-4.28066	-64.6489	-4.39
1.78785	0.103958	1.60952	0.085005	1.79087	1.61177	0.178326	0.018953	0.179102	11.0794	22.2963	11.1122
1.92897	0.0821942	1.61106	0.086692	1.93072	1.61339	0.31791	-0.0044978	0.31733	19.733	-5.18825	19.6685
1.63118	0.0841842	1.61287	0.091176	1.63335	1.61544	0.0183116	-0.0069918	0.0179075	1.13534	-7.66847	1.10852
1.77805	0.0246752	1.62	0.092709	1.77822	1.62265	0.15805	-0.0680338	0.155571	9.7562	-73.3842	9.58746
1.63864	0.072118	1.62512	0.08997	1.64023	1.62761	0.0135275	-0.017852	0.0126252	0.832402	-19.8422	0.775689
1.66739	0.0485425	1.6297	0.085208	1.66809	1.63193	0.0376863	-0.0366655	0.0361668	2.31247	-43.0306	2.2162
1.60575	0.0534955	1.63805	0.078561	1.60664	1.63993	-0.0322964	-0.0250655	-0.0332884	-1.97164	-31.9058	-2.02986
1.58558	0.0556832	1.63802	0.077171	1.58656	1.63983	-0.052438	-0.0214878	-0.0532774	-3.20131	-27.8444	-3.24895
1.88028	0.024792	1.62878	0.08337	1.88044	1.63092	0.25149	-0.058578	0.249522	15.4404	-70.2627	15.2995
1.91421	0.0495423	1.62508	0.084548	1.91485	1.62728	0.289131	-0.0350057	0.287574	17.7918	-41.4033	17.6721
2.02409	0.005282	1.63082	0.074705	2.02409	1.63253	0.39327	-0.069423	0.391567	24.1149	-92.9295	23.9853
1.65176	0.0206661	1.63829	0.061991	1.65189	1.63946	0.0134706	-0.0413249	0.0124275	0.822236	-66.6627	0.758021
1.53031	0.0486947	1.65226	0.052882	1.53109	1.65311	-0.121951	-0.0041873	-0.122022	-7.38083	-7.9182	-7.38138
1.67538	0.0161861	1.678	0.043313	1.67546	1.67856	-0.0026188	-0.0271269	-0.00309952	-0.156067	-62.6299	-0.184654
1.6582	0.203786	1.70916	0.031552	1.67067	1.70945	-0.0509646	0.172234	-0.0387805	-2.98185	545.874	-2.26859
1.81419	0.0308583	1.74165	0.017401	1.81445	1.74174	0.0725402	0.0134573	0.0727157	4.16502	77.3364	4.17489
1.81133	0.0718666	1.77221	0.001975	1.81276	1.77221	0.0391245	0.0698916	0.0405485	2.20767	3538.82	2.28802
1.69042	-0.0170074	1.79958	-0.013607	1.69051	1.79963	-0.109158	-0.0034004	-0.109123	-6.06573	24.9901	-6.06366
2.04298	0.0560144	1.82862	-0.029653	2.04374	1.82886	0.214357	0.0856674	0.214885	11.7224	-288.9	11.7497
2.17827	-0.0969348	1.86211	-0.044888	2.18042	1.86265	0.316157	-0.0520468	0.317772	16.9784	115.948	17.0602
2.36127	-0.0047232	1.89843	-0.059471	2.36127	1.89936	0.462833	0.0547478	0.461906	24.3797	-92.058	24.319
1.96891	-0.12315	1.93528	-0.078184	1.97276	1.93685	0.0336373	-0.0449657	0.0359062	1.73811	57.5127	1.85384
1.99115	-0.0046536	1.9711	-0.100466	1.99115	1.97366	0.0200469	0.0958124	0.0174936	1.01704	-95.368	0.886356
1.7148	-0.0591588	2.00341	-0.123823	1.71582	2.00723	-0.288609	0.0646642	-0.291412	-14.4059	-52.2231	-14.5181
2.06943	-0.0987775	2.02754	-0.145159	2.07178	2.03273	0.041885	0.0463815	0.0390515	2.0658	-31.9522	1.92113
1.92399	-0.141892	2.04451	-0.16774	1.92921	2.05137	-0.120517	0.0258478	-0.122162	-5.89469	-15.4094	-5.95511
1.63537	-0.0475104	2.05775	-0.191497	1.63606	2.06664	-0.422378	0.143987	-0.430579	-20.5262	-75.19	-20.8347
1.67653	-0.0796522	2.06554	-0.211921	1.67842	2.07638	-0.38901	0.132269	-0.397962	-18.8334	-62.4142	-19.1662
1.61024	-0.0523056	2.07071	-0.231482	1.61109	2.08361	-0.460465	0.179176	-0.472514	-22.2371	-77.404	-22.6777
1.52224	-0.0956617	2.08095	-0.249605	1.52524	2.09586	-0.558707	0.153943	-0.57062	-26.8487	-61.6748	-27.226
1.66535	-0.0655615	2.09829	-0.265452	1.66664	2.11502	-0.43294	0.199891	-0.448374	-20.633	-75.3019	-21.1996
1.62322	-0.0562148	2.11983	-0.278066	1.62419	2.13799	-0.496607	0.221851	-0.513794	-23.4268	-79.7836	-24.0317
1.60268	-0.071314	2.13962	-0.286952	1.60427	2.15878	-0.536942	0.215638	-0.554513	-25.0952	-75.1478	-25.6864
1.63539	-0.0671632	2.15173	-0.291343	1.63677	2.17137	-0.516337	0.22418	-0.534593	-23.9964	-76.947	-24.6201
1.54747	-0.0669752	2.15522	-0.291901	1.54892	2.1749	-0.607751	0.224926	-0.62598	-28.199	-77.0555	-28.7821
1.50277	-0.0417861	2.1527	-0.288901	1.50335	2.172	-0.649933	0.247115	-0.668652	-30.1915	-85.5362	-30.785
1.5693	-0.0544384	2.14444	-0.281748	1.57024	2.16287	-0.57514	0.22731	-0.592626	-26.8201	-80.6783	-27.4
1.60466	-0.0488999	2.1302	-0.267029	1.60541	2.14687	-0.525538	0.218129	-0.541465	-24.6708	-81.6874	-25.2211
1.66008	-0.063152	2.11439	-0.240176	1.66128	2.12799	-0.454312	0.177024	-0.466708	-21.4867	-73.7059	-21.9319
1.74204	-0.0396142	2.09949	-0.203222	1.74249	2.1093	-0.357443	0.163608	-0.366806	-17.0253	-80.5069	-17.3899
2.07893	-0.0386395	2.08336	-0.163254	2.07929	2.08975	-0.0044313	0.124615	-0.0104588	-0.212699	-76.3317	-0.500482
1.69525	-0.0291229	2.06758	-0.127132	1.6955	2.07148	-0.372329	0.0980091	-0.375984	-18.008	-77.0924	-18.1505
1.73851	-0.0125661	2.05413	-0.098279	1.73855	2.05648	-0.315626	0.0857129	-0.31793	-15.3654	-87.2139	-15.4599
1.89663	-0.129885	2.03876	-0.064512	1.90107	2.03978	-0.142135	-0.0653729	-0.138713	-6.97161	101.334	-6.80037
1.66499	0.0242313	2.0132	-0.01215	1.66517	2.01324	-0.348212	0.0363813	-0.348072	-17.2964	-299.435	-17.2892
1.63849	0.0244858	1.97976	0.049367	1.63868	1.98037	-0.341265	-0.0248812	-0.341698	-17.2377	-50.4005	-17.2542
1.63876	0.040988	1.9466	0.10393	1.63927	1.94938	-0.307847	-0.062942	-0.310107	-15.8146	-60.5619	-15.908
1.65394	0.0550008	1.91848	0.149993	1.65485	1.92433	-0.264538	-0.0949922	-0.269479	-13.789	-63.3311	-14.0037
1.20772	0.14957	1.89093	0.193781	1.21695	1.90083	-0.683203	-0.0442107	-0.68388	-36.1306	-22.8148	-35.9779
1.70271	0.0892735	1.85989	0.234991	1.70505	1.87468	-0.157187	-0.145717	-0.169634	-8.45138	-62.0098	-9.04871
1.67376	0.113627	1.82344	0.27099	1.67761	1.84347	-0.149684	-0.157363	-0.165858	-8.2089	-58.0697	-8.99709
1.72762	0.116771	1.78352	0.302158	1.73157	1.80893	-0.0558948	-0.185387	-0.0773672	-3.13396	-61.3543	-4.27696
1.75012	0.327685	1.74323	0.325487	1.78053	1.77336	0.0068888	0.0021983	0.00717548	0.395175	0.675388	0.404627
1.82012	0.175981	1.70156	0.341697	1.82861	1.73553	0.118561	-0.165716	0.0930792	6.96779	-48.4979	5.36316
2.11477	0.174259	1.66143	0.353306	2.12194	1.69858	0.453347	-0.179047	0.423364	27.2866	-50.6776	24.9246
1.88907	-0.0086095	1.62827	0.357067	1.88909	1.66696	0.260796	-0.365677	0.222124	16.0168	-102.411	13.3251
1.70536	0.126657	1.60345	0.350906	1.71005	1.64139	0.10191	-0.224249	0.0686594	6.35571	-63.9058	4.18299
1.97425	0.170525	1.58573	0.34058	1.9816	1.6219	0.388517	-0.170055	0.359706	24.5008	-49.931	22.1781
1.17225	0.210434	1.57607	0.328724	1.19099	1.60998	-0.403818	-0.11829	-0.418996	-25.6219	-35.9847	-26.0249
1.43811	0.128949	1.57342	0.31279	1.44387	1.60421	-0.135315	-0.183841	-0.160335	-8.60004	-58.7747	-9.99462
1.79404	0.164722	1.57465	0.291929	1.80158	1.60148	0.219384	-0.127207	0.200098	13.9322	-43.5747	12.4946
1.48683	0.0865498	1.57762	0.266032	1.48935	1.59989	-0.0907852	-0.179482	-0.110541	-5.75457	-67.4664	-6.9093
1.35842	0.0617588	1.57972	0.236484	1.35982	1.59732	-0.221303	-0.174725	-0.237502	-14.009	-73.8846	-14.8688
1.37739	0.0467454	1.57763	0.204994	1.37819	1.59089	-0.200237	-0.158249	-0.212706	-12.6922	-77.1967	-13.3702
1.2675	0.0339864	1.57271	0.171882	1.26795	1.58207	-0.305209	-0.137896	-0.314118	-19.4066	-80.2269	-19.8549
1.20079	0.0447053	1.56853	0.136972	1.20162	1.5745	-0.367745	-0.0922667	-0.372882	-23.4452	-67.3617	-23.6826
1.08068	0.011659	1.56511	0.105179	1.08074	1.56864	-0.484436	-0.09352	-0.487904	-30.9522	-88.9151	-31.1036
1.44871	0.0979494	1.56351	0.072016	1.45201	1.56516	-0.114799	0.0259334	-0.113149	-7.34239	36.0106	-7.2292
1.20989	-0.0199952	1.56875	0.040668	1.21006	1.56928	-0.358865	-0.0606632	-0.359227	-22.8758	-149.167	-22.8912
1.09425	-0.0255559	1.58618	0.015938	1.09455	1.58626	-0.491923	-0.0414939	-0.491705	-31.0131	-260.346	-30.9978
1.1255	-0.0685422	1.61641	-0.0047	1.12758	1.61641	-0.490912	-0.0638422	-0.488833	-30.3705	1358.34	-30.2418
1.23781	-0.0835188	1.65513	-0.024122	1.24063	1.65531	-0.417318	-0.0593968	-0.414679	-25.2136	246.235	-25.0515
1.52369	0.0229086	1.69335	-0.043843	1.52386	1.69392	-0.169663	0.0667516	-0.170058	-10.0194	-152.251	-10.0393
1.46114	0.0011475	1.72884	-0.066326	1.46114	1.73012	-0.267705	0.0674735	-0.268977	-15.4846	-101.73	-15.5467
1.49744	-0.0064671	1.76537	-0.09128	1.49745	1.76773	-0.267936	0.0848129	-0.270281	-15.1773	-92.9151	-15.2897
1.62597	-0.0093332	1.79992	-0.115119	1.626	1.8036	-0.173949	0.105786	-0.1776	-9.66427	-91.8926	-9.84698
1.57332	-0.0019251	1.82605	-0.136666	1.57332	1.83115	-0.252728	0.134741	-0.257834	-13.8402	-98.5914	-14.0804
1.61071	-0.0293905	1.8454	-0.156296	1.61098	1.852	-0.234687	0.126906	-0.241026	-12.7174	-81.1956	-13.0143
1.55592	-0.0266549	1.86075	-0.173467	1.55615	1.86882	-0.304834	0.146812	-0.312674	-16.3823	-84.634	-16.7311
1.67122	-0.0232527	1.87614	-0.188233	1.67138	1.88556	-0.204918	0.16498	-0.214176	-10.9223	-87.6469	-11.3587
1.57921	-0.0659813	1.88932	-0.20162	1.58059	1.90005	-0.310111	0.135639	-0.319461	-16.4139	-67.2744	-16.8133
1.56844	-0.0342371	1.8994	-0.21307	1.56881	1.91131	-0.330965	0.178833	-0.342505	-17.4247	-83.9315	-17.9199
1.65859	-0.0725878	1.9099	-0.221933	1.66017	1.92275	-0.251314	0.149345	-0.262577	-13.1585	-67.2929	-13.6563
1.64345	-0.0653863	1.91944	-0.226012	1.64475	1.9327	-0.275985	0.160626	-0.287945	-14.3784	-71.0695	-14.8986
1.59853	-0.0964697	1.92923	-0.225598	1.60144	1.94237	-0.330691	0.129128	-0.340929	-17.1411	-57.2382	-17.5522
1.56905	-0.0254188	1.94532	-0.22528	1.56926	1.95832	-0.376267	0.199861	-0.389062	-19.3421	-88.7168	-19.8671
1.58042	-0.0655921	1.96863	-0.225902	1.58178	1.98154	-0.388204	0.16031	-0.399762	-19.7195	-70.9644	-20.1743
1.59543	-0.0822309	1.98851	-0.220968	1.59755	2.00075	-0.393077	0.138737	-0.403199	-19.7674	-62.7861	-20.1524
1.55833	-0.0782111	1.99948	-0.210549	1.56029	2.01053	-0.441145	0.132338	-0.450238	-22.063	-62.8537	-22.394
1.72769	-0.064054	2.00857	-0.199401	1.72888	2.01844	-0.280873	0.135347	-0.28956	-13.9838	-67.8768	-14.3457
1.58941	-0.0961158	2.01784	-0.183428	1.59232	2.02616	-0.428424	0.0873122	-0.433841	-21.2319	-47.6003	-21.412
1.59064	-0.0541095	2.02419	-0.159574	1.59156	2.03047	-0.433559	0.105464	-0.438919	-21.4188	-66.0913	-21.6166
1.56771	-0.0414575	2.02536	-0.133322	1.56826	2.02975	-0.457653	0.0918645	-0.461488	-22.5961	-68.9042	-22.7362
1.5977	-0.052516	2.01979	-0.104121	1.59856	2.02247	-0.422094	0.051605	-0.423913	-20.8979	-49.5625	-20.9601
1.54084	-0.0345456	2.00505	-0.07306	1.54123	2.00638	-0.464206	0.0385144	-0.46515	-23.1519	-52.7161	-23.1836
1.65072	-0.0392644	1.98159	-0.043008	1.65119	1.98206	-0.330873	0.0037436	-0.330873	-16.6973	-8.70443	-16.6934
1.64545	-0.0214917	1.95517	-0.015294	1.64559	1.95523	-0.309728	-0.0061977	-0.309648	-15.8415	40.5237	-15.8369
1.63885	0.0157673	1.92891	0.013441	1.63893	1.92896	-0.290057	0.0023263	-0.290028	-15.0374	17.3075	-15.0355
1.35758	0.102027	1.9042	0.043424	1.36141	1.9047	-0.546626	0.0586033	-0.543293	-28.7063	134.956	-28.5238
1.63427	0.0366724	1.88413	0.071329	1.63469	1.88548	-0.249854	-0.0346566	-0.250793	-13.261	-48.587	-13.3013
1.65922	0.0501849	1.86744	0.097222	1.65998	1.86997	-0.208221	-0.0470371	-0.209991	-11.1501	-48.3811	-11.2297
1.67588	0.030071	1.8535	0.121935	1.67615	1.85751	-0.177627	-0.091864	-0.181363	-9.58329	-75.3385	-9.76379
1.68708	0.0270246	1.84965	0.145082	1.6873	1.85533	-0.162573	-0.118057	-0.168038	-8.78941	-81.3729	-9.05704
1.11727	0.118966	1.84676	0.16765	1.12359	1.85435	-0.729489	-0.048684	-0.730767	-39.501	-29.0391	-39.4082
1.65152	0.0433138	1.83852	0.186991	1.65209	1.848	-0.187	-0.143677	-0.195917	-10.1712	-76.8364	-10.6015
1.63235	0.0830431	1.82742	0.196303	1.63446	1.83794	-0.195074	-0.11326	-0.203476	-10.6748	-57.6965	-11.0709
1.45827	0.128658	1.81253	0.202547	1.46393	1.82382	-0.354266	-0.073889	-0.359883	-19.5453	-36.4799	-19.7324
1.64038	0.0831463	1.79238	0.210343	1.64249	1.80468	-0.152004	-0.127197	-0.162198	-8.48057	-60.4711	-8.98764
1.67309	0.0633151	1.76986	0.208451	1.67429	1.78209	-0.0967712	-0.145136	-0.107807	-5.46773	-69.6259	-6.04945
1.59791	0.137314	1.75464	0.198174	1.6038	1.7658	-0.15673	-0.0608604	-0.161997	-8.93232	-30.7106	-9.17415
1.75274	0.139066	1.74873	0.185324	1.75825	1.75852	0.0040145	-0.0462584	-0.00026988	0.229567	-24.9608	-0.015347
1.61983	0.0624767	1.74508	0.169203	1.62103	1.75326	-0.125249	-0.106726	-0.132228	-7.17728	-63.0759	-7.54185
1.7221	0.123646	1.7406	0.149398	1.72654	1.747	-0.018497	-0.0257521	-0.0204636	-1.06268	-17.2372	-1.17136
1.66781	0.0697038	1.73543	0.130167	1.66927	1.7403	-0.0676159	-0.0604632	-0.0710347	-3.89621	-46.4505	-4.08174
2.00547	0.0920027	1.73178	0.110175	2.00758	1.73529	0.273683	-0.0181723	0.272291	15.8035	-16.494	15.6914
1.67713	0.0806107	1.7326	0.086938	1.67907	1.73478	-0.0554657	-0.0063273	-0.0557094	-3.2013	-7.27795	-3.21133
1.62599	0.0616104	1.73579	0.065578	1.62715	1.73703	-0.109801	-0.0039676	-0.109872	-6.32571	-6.0502	-6.32531
1.65853	0.0438442	1.73807	0.04811	1.65911	1.73874	-0.0795399	-0.0042658	-0.0796262	-4.57633	-8.86676	-4.57954
1.79097	0.0660543	1.74496	0.031046	1.79219	1.74524	0.0460129	0.0350083	0.0469544	2.6369	112.763	2.69043
2.04696	0.0027796	1.76277	0.012298	2.04696	1.76282	0.284189	-0.0095184	0.284148	16.1217	-77.398	16.119
1.78584	-0.0060533	1.7912	-0.008568	1.78585	1.79123	-0.0053695	0.0025147	-0.00537973	-0.29977	-29.3499	-0.300338
1.71105	0.013004	1.82373	-0.030385	1.7111	1.82398	-0.112672	0.043389	-0.112875	-6.1781	-142.797	-6.18841
1.68133	-0.0086587	1.85576	-0.05165	1.68135	1.85648	-0.174425	0.0429913	-0.175122	-9.39914	-83.2358	-9.43301
1.70954	-0.0164463	1.8884	-0.075853	1.70961	1.88992	-0.178867	0.0594067	-0.180311	-9.47187	-78.3182	-9.54063
1.78536	-0.0428699	1.9218	-0.101618	1.78587	1.92449	-0.136443	0.0587481	-0.138614	-7.09977	-57.8127	-7.20263
1.93923	-0.0252038	1.95063	-0.124083	1.93939	1.95457	-0.0114029	0.0988792	-0.0151817	-0.584575	-79.688	-0.776727
2.02376	-0.0838602	1.97165	-0.145304	2.02549	1.97699	0.0521113	0.0614438	0.0485011	2.64304	-42.2864	2.45328
2.01736	-0.0836071	1.98494	-0.167655	2.01909	1.99201	0.032418	0.0840479	0.027082	1.6332	-50.1315	1.35953
2.204	-0.0978635	1.98956	-0.191061	2.20618	1.99871	0.214445	0.0931975	0.207464	10.7785	-48.7789	10.3799
1.66664	-0.0498749	1.99017	-0.207718	1.66739	2.00098	-0.323527	0.157843	-0.333592	-16.2563	-75.9891	-16.6714
1.82876	-0.133314	1.99167	-0.223353	1.83361	2.00415	-0.162906	0.0900394	-0.170538	-8.17937	-40.3126	-8.50922
1.63397	-0.0542056	1.99632	-0.238913	1.63487	2.01057	-0.362353	0.184707	-0.375699	-18.151	-77.3116	-18.6863
1.69696	-0.0707865	2.00903	-0.250909	1.69844	2.02464	-0.312073	0.180122	-0.326204	-15.5335	-71.788	-16.1117
1.65504	-0.0624029	2.02581	-0.25757	1.65621	2.04212	-0.370773	0.195167	-0.385906	-18.3024	-75.7725	-18.8973
1.72381	-0.0658899	2.0382	-0.258152	1.72506	2.05448	-0.314392	0.192262	-0.329417	-15.425	-74.4763	-16.034
1.65855	-0.0484477	2.04367	-0.252783	1.65926	2.05924	-0.385114	0.204335	-0.399981	-18.8443	-80.8343	-19.4237
1.66402	-0.0414322	2.04338	-0.244345	1.66453	2.05794	-0.379362	0.202913	-0.393403	-18.5654	-83.0436	-19.1164
1.72412	-0.0434037	2.0404	-0.235001	1.72467	2.05389	-0.31628	0.191597	-0.329222	-15.5009	-81.5304	-16.0292
1.73665	-0.0335711	2.03638	-0.217628	1.73698	2.04798	-0.29973	0.184057	-0.311002	-14.7187	-84.5741	-15.1858
1.7033	-0.0490262	2.02974	-0.191317	1.70401	2.03874	-0.326439	0.142291	-0.33473	-16.0828	-74.3744	-16.4185
1.76596	-0.0380604	2.02436	-0.159503	1.76637	2.03063	-0.258398	0.121443	-0.264262	-12.7644	-76.1381	-13.0138
1.62172	-0.0392052	2.02243	-0.124971	1.6222	2.02628	-0.400701	0.0857658	-0.404085	-19.8129	-68.6286	-19.9422
1.71103	0.02075	2.01439	-0.086089	1.71115	2.01623	-0.303366	0.106839	-0.305078	-15.0599	-124.103	-15.1311
1.5754	-0.032719	1.99267	-0.044968	1.57574	1.99318	-0.41727	0.012249	-0.417438	-20.9402	-27.2394	-20.9433
1.63822	0.0187431	1.9624	-0.005422	1.63832	1.9624	-0.324179	0.0241651	-0.32408	-16.5196	-445.686	-16.5144
1.65383	0.0199861	1.93053	0.035628	1.65395	1.93086	-0.276698	-0.0156419	-0.276906	-14.3328	-43.9034	-14.3411
1.60466	-0.0007194	1.8979	0.081557	1.60466	1.89965	-0.293247	-0.0822764	-0.294999	-15.4511	-100.882	-15.5291
1.63993	0.022109	1.87013	0.128432	1.64008	1.87454	-0.230201	-0.106323	-0.234457	-12.3094	-82.7854	-12.5075
1.56906	0.05121	1.85187	0.168214	1.5699	1.8595	-0.282812	-0.117004	-0.2896	-15.2716	-69.5566	-15.5741
1.5777	0.0519651	1.8372	0.20064	1.57856	1.84813	-0.2595	-0.148675	-0.269568	-14.1247	-74.1003	-14.586
1.58567	0.0655219	1.81458	0.230939	1.58702	1.82922	-0.228918	-0.165417	-0.242201	-12.6155	-71.628	-13.2407
1.5991	0.0937033	1.78187	0.258178	1.60184	1.80047	-0.182771	-0.164475	-0.198635	-10.2573	-63.7059	-11.0324
1.5769	0.0897714	1.74389	0.279438	1.57945	1.76613	-0.166989	-0.189667	-0.186682	-9.57565	-67.8743	-10.5701
1.53905	0.118003	1.70663	0.2958	1.54357	1.73208	-0.167581	-0.177797	-0.188509	-9.8194	-60.1072	-10.8834
1.64402	0.14839	1.67294	0.306663	1.65071	1.70081	-0.0289143	-0.158273	-0.0501057	-1.72836	-51.6114	-2.94599
1.3314	0.469437	1.64514	0.310428	1.41174	1.67417	-0.313735	0.159009	-0.262432	-19.0704	51.2224	-15.6753
1.48995	0.118985	1.62454	0.307754	1.49469	1.65343	-0.134586	-0.188769	-0.158737	-8.28461	-61.3378	-9.60045
1.55225	0.126357	1.6096	0.298905	1.55738	1.63711	-0.0573483	-0.172548	-0.0797323	-3.5629	-57.7268	-4.8703
1.88151	0.111072	1.60086	0.283833	1.88479	1.62583	0.280657	-0.172761	0.258965	17.5316	-60.8673	15.9282
1.74363	0.230331	1.59784	0.265473	1.75878	1.61974	0.14579	-0.035142	0.139034	9.1242	-13.2375	8.58371
1.34644	0.161447	1.59794	0.245297	1.35608	1.61665	-0.251502	-0.0838495	-0.260575	-15.7392	-34.1828	-16.1182
1.47743	0.196524	1.59852	0.221124	1.49044	1.61374	-0.121091	-0.0246002	-0.1233	-7.57524	-11.1251	-7.64064
1.27175	0.142722	1.59733	0.190833	1.27974	1.60869	-0.325581	-0.0481108	-0.328957	-20.3828	-25.2109	-20.4487
1.6517	0.109131	1.59526	0.158231	1.6553	1.60309	0.0564408	-0.0491002	0.052214	3.53803	-31.0307	3.25709
1.16495	-0.0049566	1.59205	0.130126	1.16496	1.59736	-0.427104	-0.135083	-0.432402	-26.8272	-103.809	-27.0697
1.28045	0.0109572	1.591	0.101595	1.28049	1.59424	-0.310548	-0.0906378	-0.313742	-19.5191	-89.2148	-19.6798
1.58925	0.0989278	1.59251	0.070397	1.59233	1.59407	-0.0032635	0.0285308	-0.00174263	-0.204928	40.5284	-0.10932
1.23327	-0.0511399	1.59993	0.041438	1.23433	1.60046	-0.366661	-0.0925779	-0.366138	-22.9174	-223.413	-22.877
1.29031	-0.0032049	1.61737	0.017465	1.29031	1.61746	-0.327061	-0.0206699	-0.327151	-20.2218	-118.35	-20.2262
1.28468	-0.0098715	1.64435	-0.003835	1.28471	1.64435	-0.35967	-0.0060365	-0.359637	-21.8731	157.405	-21.871
1.11653	-0.0788191	1.67682	-0.02681	1.11931	1.67703	-0.560289	-0.0520091	-0.557725	-33.4139	193.991	-33.2567
1.477	-0.0961373	1.71235	-0.052486	1.48013	1.71316	-0.235351	-0.0436513	-0.23303	-13.7443	83.1675	-13.6024
1.49681	-0.0103358	1.7507	-0.076072	1.49684	1.75235	-0.253892	0.0657362	-0.255508	-14.5023	-86.4131	-14.5809
0.863155	-0.0635719	1.78883	-0.094783	0.865493	1.79134	-0.925671	0.0312111	-0.925842	-51.7474	-32.929	-51.6845
1.05312	-0.0205263	1.82351	-0.113217	1.05332	1.82703	-0.770392	0.0926907	-0.773703	-42.2476	-81.8699	-42.3477
1.54241	-0.0208828	1.85073	-0.132258	1.54256	1.85545	-0.308319	0.111375	-0.312898	-16.6593	-84.2106	-16.8637
1.09751	-0.185411	1.86926	-0.150111	1.11306	1.87528	-0.771753	-0.0353002	-0.76222	-41.2865	23.5161	-40.6456
1.60683	-0.0222424	1.88162	-0.165906	1.60698	1.88892	-0.274795	0.143664	-0.281941	-14.6041	-86.5934	-14.926
1.63255	-0.0536409	1.89699	-0.180182	1.63343	1.90552	-0.264437	0.126541	-0.272094	-13.9399	-70.2296	-14.2792
1.64067	-0.0461216	1.9167	-0.193496	1.64132	1.92645	-0.276033	0.147374	-0.285127	-14.4014	-76.1641	-14.8007
1.64151	-0.0388573	1.93435	-0.202357	1.64197	1.94491	-0.292844	0.1635	-0.30294	-15.1391	-80.7976	-15.576
1.62942	-0.083762	1.94781	-0.208457	1.63157	1.95893	-0.318389	0.124695	-0.32736	-16.346	-59.8181	-16.7112
1.68421	-0.0717225	1.95746	-0.211972	1.68574	1.9689	-0.273251	0.140249	-0.283169	-13.9595	-66.1642	-14.382
1.67853	-0.0569748	1.9664	-0.211745	1.67949	1.97777	-0.287879	0.15477	-0.29828	-14.6399	-73.0927	-15.0816
1.67686	-0.0625103	1.98168	-0.211374	1.67803	1.99292	-0.304817	0.148864	-0.314893	-15.3817	-70.4267	-15.8006
1.75575	-0.073726	2.00055	-0.212865	1.7573	2.01185	-0.244805	0.139139	-0.254551	-12.2369	-65.3649	-12.6526
1.73504	-0.0905362	2.02009	-0.20592	1.7374	2.03056	-0.28505	0.115384	-0.293157	-14.1107	-56.0333	-14.4373
1.72403	-0.0697025	2.0371	-0.193468	1.72544	2.04627	-0.313078	0.123766	-0.320836	-15.3688	-63.9721	-15.679
1.67823	-0.0676922	2.04929	-0.179405	1.6796	2.05712	-0.371054	0.111713	-0.377527	-18.1065	-62.2685	-18.3522
1.78883	-0.0290247	2.06034	-0.161772	1.78907	2.06668	-0.271508	0.132747	-0.277613	-13.1778	-82.0583	-13.4328
1.68348	-0.045937	2.06859	-0.141579	1.6841	2.07343	-0.385109	0.095642	-0.389321	-18.617	-67.5538	-18.7767
1.64227	-0.0388325	2.07178	-0.121621	1.64273	2.07535	-0.429511	0.0827885	-0.432618	-20.7315	-68.0709	-20.8456
1.59946	-0.0249597	2.0781	-0.101673	1.59966	2.08058	-0.478636	0.0767133	-0.480927	-23.0324	-75.451	-23.115
1.63743	-0.0170599	2.0825	-0.082489	1.63752	2.08414	-0.445075	0.0654291	-0.446619	-21.3721	-79.3186	-21.4295
1.67925	-0.0166642	2.07988	-0.064431	1.67933	2.08088	-0.400634	0.0477668	-0.401549	-19.2624	-74.1364	-19.2971
1.6336	0.0033448	2.06883	-0.045504	1.6336	2.06933	-0.435231	0.0488488	-0.435727	-21.0375	-107.351	-21.0565
1.58248	-0.0150375	2.05006	-0.025902	1.58255	2.05023	-0.467582	0.0108645	-0.467674	-22.8082	-41.9446	-22.8108
1.61446	-0.0233392	2.02641	-0.007062	1.61463	2.02642	-0.411943	-0.0162772	-0.411787	-20.3288	230.49	-20.3209
1.62306	-1.74e-05	2.00312	0.009205	1.62306	2.00315	-0.38006	-0.0092224	-0.380082	-18.9734	-100.189	-18.9742
1.55662	0.0006775	1.98245	0.024518	1.55662	1.9826	-0.425831	-0.0238405	-0.425982	-21.48	-97.2367	-21.486
1.65752	0.015038	1.96456	0.039755	1.65758	1.96496	-0.307041	-0.024717	-0.307375	-15.629	-62.1733	-15.6428
1.47338	-0.0195157	1.9483	0.051568	1.47351	1.94898	-0.474915	-0.0710837	-0.475468	-24.3759	-137.845	-24.3957
1.43689	0.0105955	1.93319	0.062777	1.43693	1.93421	-0.496297	-0.0521815	-0.497277	-25.6724	-83.122	-25.7096
1.52219	-0.0044687	1.92165	0.073893	1.52219	1.92308	-0.399467	-0.0783617	-0.400881	-20.7877	-106.048	-20.8458
1.49417	-6.79e-05	1.91216	0.081747	1.49417	1.91391	-0.417995	-0.0818149	-0.419741	-21.8598	-100.083	-21.9311
1.42459	0.0346186	1.90022	0.085929	1.42501	1.90216	-0.47563	-0.0513104	-0.477151	-25.0302	-59.7126	-25.0847
1.34284	0.0296945	1.88711	0.088503	1.34317	1.88918	-0.54427	-0.0588085	-0.546016	-28.8415	-66.448	-28.9023
1.31722	0.0324437	1.87553	0.090758	1.31762	1.87773	-0.558312	-0.0583143	-0.560107	-29.7682	-64.2525	-29.829
1.37423	0.0435148	1.86818	0.089873	1.37492	1.87034	-0.493949	-0.0463582	-0.495421	-26.4402	-51.5819	-26.4883
1.3954	0.0228831	1.85827	0.089147	1.39559	1.8604	-0.462862	-0.0662639	-0.464812	-24.9083	-74.331	-24.9845
1.37902	0.0396616	1.84612	0.087177	1.37959	1.84818	-0.467102	-0.0475154	-0.468589	-25.3018	-54.5045	-25.3541
1.44114	0.0177581	1.83172	0.081812	1.44125	1.83355	-0.390585	-0.0640539	-0.392302	-21.3234	-78.294	-21.3958
1.46882	0.0422584	1.8166	0.07857	1.46943	1.8183	-0.347778	-0.0363116	-0.348868	-19.1444	-46.2156	-19.1865
1.51019	0.0323512	1.80239	0.075536	1.51054	1.80397	-0.292203	-0.0431848	-0.293439	-16.212	-57.1712	-16.2662
1.47452	0.0176847	1.79644	0.069	1.47463	1.79776	-0.321918	-0.0513153	-0.323136	-17.9198	-74.37	-17.9744
1.5011	0.0383084	1.79202	0.059836	1.50159	1.79302	-0.29092	-0.0215276	-0.29143	-16.2342	-35.9777	-16.2536
1.59514	0.0188603	1.78615	0.052277	1.59525	1.78692	-0.191017	-0.0334167	-0.191671	-10.6943	-63.9224	-10.7263
1.56905	0.0272472	1.78122	0.046207	1.56928	1.78182	-0.212171	-0.0189598	-0.212534	-11.9116	-41.0323	-11.9279
1.54358	0.0206175	1.7801	0.039618	1.54372	1.78054	-0.236521	-0.0190005	-0.236825	-13.287	-47.9593	-13.3007
1.5879	0.0013692	1.77941	0.032583	1.5879	1.77971	-0.191508	-0.0312138	-0.191806	-10.7624	-95.7978	-10.7774
1.54697	0.0258054	1.7778	0.025731	1.54718	1.77798	-0.230829	7.44e-05	-0.2308	-12.984	0.289145	-12.981
1.57274	0.0131684	1.78005	0.018491	1.5728	1.78015	-0.207312	-0.0053226	-0.207353	-11.6464	-28.7848	-11.6481
1.58899	0.0083152	1.78517	0.011724	1.58901	1.78521	-0.196183	-0.0034088	-0.1962	-10.9896	-29.0754	-10.9903
1.67217	0.0269378	1.78925	0.00694	1.67239	1.78926	-0.117074	0.0199978	-0.11687	-6.5432	288.153	-6.53178
1.61914	0.0054479	1.79385	0.00295	1.61915	1.79385	-0.174713	0.0024979	-0.174706	-9.73953	84.6746	-9.73914
1.64087	0.000817	1.80025	-0.000704	1.64087	1.80025	-0.159384	0.001521	-0.159384	-8.85343	-216.051	-8.85342
1.67539	-0.0003162	1.80468	-0.003763	1.67539	1.80469	-0.129289	0.0034468	-0.129293	-7.16409	-91.5971	-7.16429
1.68376	0.0133569	1.80462	-0.006134	1.68381	1.80463	-0.120857	0.0194909	-0.120814	-6.69708	-317.752	-6.69468
1.64259	0.0030719	1.80317	-0.009309	1.64259	1.80319	-0.160578	0.0123809	-0.160599	-8.9053	-132.999	-8.90635
1.59769	0.0265001	1.8044	-0.011397	1.59791	1.80444	-0.206715	0.0378971	-0.206531	-11.4561	-332.518	-11.4457
1.60858	-0.002398	1.8087	-0.011521	1.60858	1.80873	-0.200115	0.009123	-0.20015	-11.064	-79.1858	-11.0657
1.56427	0.0041575	1.81393	-0.010766	1.56427	1.81396	-0.249662	0.0149235	-0.249688	-13.7636	-138.617	-13.7648
1.6773	-0.004599	1.81621	-0.012095	1.67731	1.81625	-0.138908	0.007496	-0.138942	-7.64824	-61.976	-7.64994
1.66614	0.0288768	1.81429	-0.017077	1.66639	1.81437	-0.148153	0.0459538	-0.147983	-8.1659	-269.098	-8.15617
1.61269	0.0120094	1.80959	-0.020766	1.61273	1.80971	-0.196898	0.0327754	-0.196973	-10.8808	-157.832	-10.8842
1.6349	0.0132997	1.80314	-0.019956	1.63495	1.80325	-0.168239	0.0332557	-0.168295	-9.33035	-166.645	-9.3329
1.66817	-0.0116675	1.79647	-0.016797	1.66821	1.79655	-0.128301	0.0051295	-0.128339	-7.14185	-30.5382	-7.14364
1.61523	0.0087724	1.79207	-0.012563	1.61526	1.79212	-0.176838	0.0213354	-0.176858	-9.86781	-169.827	-9.86869
1.70581	0.0229766	1.79035	-0.008766	1.70596	1.79037	-0.0845424	0.0317426	-0.0844091	-4.72212	-362.11	-4.71462
2.04663	-0.0427401	1.78937	-0.005546	2.04707	1.78938	0.25726	-0.0371941	0.257698	14.3772	670.647	14.4015
1.66207	0.0224283	1.78499	-0.003287	1.66222	1.785	-0.122922	0.0257153	-0.122773	-6.88639	-782.333	-6.87807
1.84826	-0.0519805	1.77778	-0.001252	1.84899	1.77778	0.0704744	-0.0507285	0.0712048	3.96417	4051.8	4.00526
1.61769	0.0262876	1.76971	0.002747	1.6179	1.76971	-0.15202	0.0235406	-0.151809	-8.59012	856.957	-8.57817
1.81686	0.0677237	1.76243	0.009188	1.81813	1.76245	0.0544355	0.0585357	0.0556733	3.08866	637.089	3.15885
1.72334	0.0520193	1.75486	0.01598	1.72413	1.75493	-0.0315176	0.0360393	-0.0308054	-1.79602	225.528	-1.75536
1.50603	-0.109007	1.74628	0.022348	1.50997	1.74642	-0.240252	-0.131355	-0.236455	-13.7579	-587.769	-13.5394
1.63484	0.0226648	1.73625	0.028933	1.635	1.73649	-0.101409	-0.0062682	-0.101492	-5.84066	-21.6645	-5.84469
1.6143	0.0256241	1.72364	0.034813	1.6145	1.72399	-0.109345	-0.0091889	-0.109493	-6.34384	-26.395	-6.35114
1.23933	0.112406	1.71224	0.039477	1.24442	1.71269	-0.472908	0.0729287	-0.468276	-27.6193	184.737	-27.3415
1.6436	0.0165108	1.70536	0.044515	1.64368	1.70594	-0.0617622	-0.0280042	-0.0622602	-3.62164	-62.9096	-3.6496
1.63668	0.0217534	1.70388	0.049661	1.63683	1.70461	-0.0672015	-0.0279076	-0.0677805	-3.94402	-56.1962	-3.97631
1.37349	0.0295601	1.70534	0.053258	1.37381	1.70617	-0.331851	-0.0236979	-0.332364	-19.4595	-44.4964	-19.4801
1.38075	0.0476534	1.70318	0.054759	1.38157	1.70406	-0.322429	-0.0071056	-0.322487	-18.9311	-12.9761	-18.9247
1.56952	0.0231987	1.69815	0.055804	1.56969	1.69907	-0.128629	-0.0326053	-0.129374	-7.57464	-58.4282	-7.61441
1.58931	0.0402565	1.69668	0.05746	1.58982	1.69765	-0.107367	-0.0172035	-0.107829	-6.32803	-29.94	-6.35167
0.991122	0.0081534	1.697	0.058014	0.991156	1.69799	-0.705875	-0.0498606	-0.706833	-41.5955	-85.9458	-41.6276
1.51088	0.0218699	1.69773	0.055723	1.51104	1.69864	-0.186849	-0.0338531	-0.187605	-11.0058	-60.7525	-11.0444
1.48486	0.0221289	1.70138	0.050158	1.48502	1.70212	-0.216518	-0.0280291	-0.217092	-12.726	-55.8816	-12.7542
1.54597	0.0090043	1.70874	0.045513	1.546	1.70934	-0.162764	-0.0365087	-0.163344	-9.52542	-80.216	-9.55596
1.44481	-0.0196014	1.72117	0.04254	1.44495	1.72169	-0.276355	-0.0621414	-0.276748	-16.0562	-146.078	-16.0741
1.38396	-0.0062935	1.73683	0.038146	1.38397	1.73725	-0.352877	-0.0444395	-0.353281	-20.3172	-116.498	-20.3356
1.44917	0.0007462	1.75457	0.030525	1.44917	1.75483	-0.305396	-0.0297788	-0.305661	-17.4058	-97.5554	-17.4183
1.53501	0.016513	1.77784	0.021362	1.5351	1.77797	-0.242831	-0.004849	-0.24287	-13.6588	-22.6992	-13.66
1.42975	-0.0295427	1.80363	0.012997	1.43006	1.80367	-0.373874	-0.0425397	-0.373616	-20.729	-327.304	-20.7142
1.48524	-0.0154221	1.82676	0.005102	1.48532	1.82677	-0.341518	-0.0205241	-0.341445	-18.6953	-402.276	-18.6912
1.53072	-0.0110945	1.84991	-0.0052	1.53076	1.84992	-0.31919	-0.0058945	-0.319158	-17.2543	113.356	-17.2525
1.52057	-0.0127683	1.87497	-0.018902	1.52063	1.87507	-0.354399	0.0061337	-0.354441	-18.9016	-32.45	-18.9028
1.51669	-0.0378254	1.90202	-0.033782	1.51717	1.90232	-0.385325	-0.0040434	-0.385154	-20.2588	11.9691	-20.2465
1.56266	-0.01063	1.93083	-0.048695	1.56269	1.93144	-0.368172	0.038065	-0.368749	-19.0681	-78.1702	-19.0919
1.6495	-0.0458304	1.96397	-0.063678	1.65014	1.965	-0.314467	0.0178476	-0.314863	-16.0118	-28.0279	-16.0235
1.65321	-0.0288817	1.99993	-0.080852	1.65346	2.00156	-0.346721	0.0519703	-0.348103	-17.3367	-64.2783	-17.3915
1.67993	-0.0332901	2.03434	-0.0985	1.68026	2.03672	-0.35441	0.0652099	-0.356463	-17.4214	-66.2029	-17.5018
1.67671	-0.0510189	2.0662	-0.112888	1.67749	2.06928	-0.389488	0.0618691	-0.391794	-18.8504	-54.8057	-18.9338
1.6828	-0.0322337	2.09355	-0.127218	1.68311	2.09741	-0.410749	0.0949843	-0.414302	-19.6198	-74.6626	-19.7531
1.76772	-0.0957617	2.11351	-0.143765	1.77032	2.11839	-0.345782	0.0480033	-0.348075	-16.3606	-33.3901	-16.4311
1.75449	-0.076018	2.12301	-0.158493	1.75613	2.12892	-0.368521	0.082475	-0.372783	-17.3584	-52.037	-17.5105
1.74382	-0.0608517	2.12319	-0.171927	1.74488	2.13014	-0.379371	0.111075	-0.385259	-17.868	-64.6061	-18.0861
1.68461	-0.0839108	2.12145	-0.182465	1.6867	2.12928	-0.436837	0.0985542	-0.442581	-20.5914	-54.0127	-20.7854
1.72962	-0.0656021	2.11853	-0.189455	1.73086	2.12699	-0.388913	0.123853	-0.396124	-18.3577	-65.3733	-18.6237
1.67787	-0.0796048	2.11513	-0.194763	1.67976	2.12407	-0.437253	0.115158	-0.444314	-20.6727	-59.1273	-20.918
1.62708	-0.0550089	2.1105	-0.19809	1.62801	2.11978	-0.483416	0.143081	-0.491763	-22.9053	-72.2303	-23.1988
1.74625	-0.0828598	2.10997	-0.201381	1.74822	2.11956	-0.363719	0.118521	-0.371342	-17.2381	-58.8542	-17.5198
1.33296	-0.0765003	2.11989	-0.202032	1.33515	2.12949	-0.786927	0.125532	-0.794339	-37.1211	-62.1346	-37.3018
1.31815	-0.0794639	2.13241	-0.197048	1.32054	2.14149	-0.814259	0.117584	-0.820951	-38.185	-59.6728	-38.3355
1.49419	-0.0886275	2.1431	-0.187537	1.49682	2.15129	-0.648912	0.0989095	-0.654475	-30.279	-52.7413	-30.4224
1.64087	-0.069995	2.1564	-0.173929	1.64236	2.16341	-0.515537	0.103934	-0.521048	-23.9073	-59.7566	-24.0846
1.64393	-0.0574007	2.17407	-0.157206	1.64494	2.17974	-0.530132	0.0998053	-0.534807	-24.3844	-63.487	-24.5353
1.63351	-0.0653393	2.18706	-0.13777	1.63482	2.1914	-0.553553	0.0724307	-0.556582	-25.3103	-52.5736	-25.3985
1.63525	-0.0524298	2.19022	-0.115045	1.63609	2.19324	-0.554974	0.0626152	-0.557153	-25.3387	-54.4267	-25.4032
1.73486	-0.0271222	2.17996	-0.088795	1.73507	2.18177	-0.445099	0.0616728	-0.446694	-20.4178	-69.4553	-20.474
1.72335	-0.0577173	2.16032	-0.062478	1.72432	2.16123	-0.436972	0.0047607	-0.436909	-20.2272	-7.6198	-20.2158
1.67313	-0.0174988	2.13823	-0.036518	1.67323	2.13854	-0.465094	0.0190192	-0.465314	-21.7514	-52.0817	-21.7585
1.72748	-0.0294008	2.1143	-0.012637	1.72773	2.11434	-0.386827	-0.0167638	-0.386614	-18.2957	132.656	-18.2853
1.68976	-0.0276265	2.08568	0.009484	1.68998	2.0857	-0.395917	-0.0371105	-0.395713	-18.9827	-391.296	-18.9727
1.66604	-0.0110146	2.0529	0.029614	1.66607	2.05311	-0.38686	-0.0406286	-0.387037	-18.8446	-137.194	-18.8513
1.6574	0.0116397	2.02017	0.047715	1.65744	2.02074	-0.362772	-0.0360753	-0.363295	-17.9575	-75.6058	-17.9783
1.85057	0.0642197	1.99316	0.066694	1.85169	1.99428	-0.142588	-0.0024743	-0.14259	-7.15386	-3.70993	-7.14994
2.04927	0.154804	1.9785	0.086521	2.0551	1.98039	0.0707692	0.0682831	0.074717	3.57692	78.9208	3.77285
1.69623	0.0313592	1.97649	0.105132	1.69652	1.97928	-0.28026	-0.0737728	-0.282764	-14.1797	-70.1716	-14.2862
1.69473	0.048958	1.98172	0.118131	1.69543	1.98524	-0.286996	-0.069173	-0.289807	-14.4822	-58.5562	-14.5981
1.71071	0.0166302	1.98567	0.125349	1.71079	1.98962	-0.274962	-0.108719	-0.278834	-13.8473	-86.7329	-14.0144
1.69385	0.0570512	1.98531	0.129988	1.69481	1.98956	-0.291463	-0.0729368	-0.294754	-14.681	-56.1104	-14.815
1.6314	0.0054188	1.97647	0.128971	1.63141	1.98067	-0.345067	-0.123552	-0.349261	-17.4587	-95.7984	-17.6335
1.67986	0.0521355	1.9608	0.124962	1.68067	1.96478	-0.280946	-0.0728265	-0.284115	-14.3281	-58.2789	-14.4604
1.77853	0.0324849	1.93783	0.122902	1.77883	1.94172	-0.159299	-0.0904171	-0.162896	-8.22048	-73.5685	-8.38923
1.72704	0.056257	1.9127	0.12126	1.72795	1.91654	-0.185667	-0.065003	-0.188591	-9.70704	-53.6063	-9.84015
1.75631	0.050662	1.89108	0.113352	1.75704	1.89447	-0.134769	-0.06269	-0.137433	-7.1266	-55.3056	-7.25443
1.57184	0.0601933	1.8732	0.100741	1.57299	1.87591	-0.301366	-0.0405477	-0.302921	-16.0883	-40.2495	-16.1479
1.64105	0.0527928	1.8582	0.086913	1.6419	1.86024	-0.217149	-0.0341202	-0.218332	-11.686	-39.2579	-11.7368
1.72372	0.0473872	1.84781	0.073505	1.72437	1.84927	-0.124084	-0.0261178	-0.124894	-6.71522	-35.532	-6.75373
1.72122	0.0213089	1.84239	0.058402	1.72135	1.84331	-0.12117	-0.0370931	-0.121963	-6.57678	-63.5134	-6.61653
2.08153	0.161365	1.83852	0.042103	2.08777	1.839	0.243008	0.119262	0.248771	13.2176	283.262	13.5275
1.63414	0.0542815	1.83455	0.025873	1.63504	1.83473	-0.200408	0.0284085	-0.199689	-10.9241	109.8	-10.8838
1.55836	0.0345202	1.83061	0.013975	1.55874	1.83066	-0.272253	0.0205452	-0.271924	-14.8722	147.014	-14.8538
1.69549	0.026406	1.82564	0.005462	1.6957	1.82565	-0.130148	0.020944	-0.12995	-7.12887	383.449	-7.11803
1.57007	0.0413994	1.82195	-0.002104	1.57062	1.82195	-0.251879	0.0435034	-0.251335	-13.8247	-2067.65	-13.7948
1.58532	0.0181007	1.82229	-0.008711	1.58543	1.82231	-0.23697	0.0268117	-0.236887	-13.0039	-307.791	-12.9993
1.5801	0.0373261	1.82374	-0.014219	1.58054	1.8238	-0.243648	0.0515451	-0.243263	-13.3598	-362.509	-13.3383
1.55741	0.0267338	1.82153	-0.018848	1.55764	1.82163	-0.264114	0.0455818	-0.263982	-14.4996	-241.839	-14.4916
1.53483	0.0155826	1.81588	-0.021537	1.53491	1.81601	-0.281058	0.0371196	-0.281107	-15.4778	-172.353	-15.4793
1.48518	0.0301905	1.80957	-0.019578	1.48549	1.80967	-0.324381	0.0497685	-0.32418	-17.9259	-254.206	-17.9137
1.48069	0.0031717	1.8016	-0.014131	1.4807	1.80165	-0.320906	0.0173027	-0.320958	-17.8123	-122.445	-17.8146
1.52042	0.0096078	1.78927	-0.008055	1.52045	1.78929	-0.268855	0.0176628	-0.268843	-15.0259	-219.277	-15.0251
1.50359	0.0151746	1.77271	-0.000166	1.50367	1.77271	-0.269115	0.0153406	-0.269039	-15.181	-9241.33	-15.1767
1.44231	0.045432	1.75419	0.009568	1.44303	1.75422	-0.311878	0.035864	-0.311188	-17.779	374.833	-17.7394
1.46541	0.0324717	1.73477	0.018016	1.46577	1.73487	-0.269368	0.0144557	-0.269102	-15.5276	80.2381	-15.5114
1.48307	0.0100569	1.71217	0.026918	1.4831	1.71238	-0.229102	-0.0168611	-0.229279	-13.3808	-62.6388	-13.3895
1.4962	0.0411414	1.68403	0.040505	1.49677	1.68452	-0.187832	0.0006364	-0.187754	-11.1537	1.57116	-11.1458
1.49041	0.0510652	1.65544	0.056488	1.49128	1.6564	-0.165032	-0.0054228	-0.165121	-9.96906	-9.59992	-9.96863
1.49849	0.0219719	1.63545	0.072348	1.49865	1.63705	-0.136958	-0.0503761	-0.138396	-8.37432	-69.6303	-8.45401
1.48334	0.0647999	1.62622	0.087274	1.48475	1.62856	-0.14288	-0.0224741	-0.143806	-8.78604	-25.7512	-8.83024
1.46548	0.0246144	1.62183	0.098097	1.46569	1.6248	-0.156352	-0.0734826	-0.159109	-9.64044	-74.9081	-9.79256
1.57147	0.0447788	1.61731	0.107668	1.57211	1.62089	-0.0458416	-0.0628892	-0.0487836	-2.83443	-58.4103	-3.00968
1.55193	0.0718472	1.61468	0.120361	1.55359	1.61916	-0.0627466	-0.0485138	-0.0655641	-3.88601	-40.3069	-4.04927
1.63188	0.06709	1.61409	0.129924	1.63326	1.61931	0.01779	-0.062834	0.0139479	1.10217	-48.3621	0.861351
1.52463	0.0497818	1.61366	0.134143	1.52544	1.61922	-0.0890256	-0.0843612	-0.0937791	-5.51701	-62.889	-5.79161
1.58917	0.0618299	1.61562	0.135732	1.59037	1.62131	-0.0264557	-0.0739021	-0.0309449	-1.63749	-54.4471	-1.90863
1.53212	0.0503457	1.61815	0.133074	1.53295	1.62361	-0.0860243	-0.0827283	-0.09066	-5.31622	-62.1671	-5.58385
1.51472	0.0580045	1.61765	0.129334	1.51583	1.62281	-0.102926	-0.0713295	-0.106978	-6.3627	-55.1514	-6.59214
1.56367	0.0443539	1.61225	0.12092	1.5643	1.61678	-0.0485838	-0.0765661	-0.052483	-3.01341	-63.3196	-3.24614
1.44909	0.0318162	1.60882	0.107524	1.44944	1.61241	-0.159732	-0.0757078	-0.162972	-9.9285	-70.4101	-10.1073
1.56025	0.0442187	1.60797	0.09414	1.56088	1.61072	-0.047712	-0.0499213	-0.0498389	-2.96723	-53.0288	-3.0942
1.56052	0.0379875	1.60826	0.0846	1.56098	1.61049	-0.0477459	-0.0466125	-0.0495072	-2.96879	-55.0975	-3.07405
1.59653	0.0385388	1.61461	0.073236	1.59699	1.61627	-0.0180842	-0.0346972	-0.0192792	-1.12003	-47.3772	-1.19282
1.63018	0.0075505	1.63069	0.057659	1.6302	1.63171	-0.0005135	-0.0501085	-0.00151507	-0.0314897	-86.9049	-0.0928512
1.63271	0.0250498	1.65121	0.040759	1.6329	1.65171	-0.0184985	-0.0157092	-0.0188093	-1.1203	-38.5417	-1.13878
1.58299	0.0020002	1.67406	0.024559	1.58299	1.67424	-0.0910723	-0.0225588	-0.0912512	-5.44021	-91.8555	-5.45031
1.66826	0.0478123	1.70136	0.008174	1.66895	1.70138	-0.0330983	0.0396383	-0.0324329	-1.9454	484.931	-1.90627
1.61873	-0.0122354	1.73459	-0.00778	1.61878	1.73461	-0.115856	-0.0044554	-0.115827	-6.67916	57.2674	-6.67743
2.06602	0.0924833	1.77291	-0.022013	2.06808	1.77305	0.293104	0.114496	0.295036	16.5323	-520.13	16.64
2.00791	0.0847454	1.81391	-0.033936	2.0097	1.81423	0.194003	0.118681	0.195474	10.6953	-349.721	10.7745
1.66819	-0.010903	1.85627	-0.04814	1.66823	1.85689	-0.188077	0.037237	-0.188665	-10.132	-77.3515	-10.1603
1.64008	-0.0377464	1.89887	-0.062422	1.64051	1.89989	-0.258792	0.0246756	-0.259383	-13.6287	-39.5303	-13.6525
1.59918	-0.0515142	1.94123	-0.076769	1.6	1.94275	-0.342054	0.0252548	-0.342742	-17.6205	-32.8971	-17.6421
1.6809	-0.0099348	1.97865	-0.095297	1.68093	1.98095	-0.297755	0.0853622	-0.300019	-15.0484	-89.5749	-15.1452
1.66657	-0.0536335	2.00883	-0.113933	1.66743	2.01206	-0.342263	0.0602995	-0.344628	-17.0379	-52.9254	-17.1282
1.65938	-0.0568131	2.03514	-0.129513	1.66035	2.03925	-0.37576	0.0726999	-0.378905	-18.4636	-56.1333	-18.5805
1.66939	-0.0436522	2.05783	-0.141415	1.66996	2.06268	-0.388436	0.0977628	-0.392719	-18.876	-69.1318	-19.0392
1.68157	-0.0896542	2.07674	-0.155107	1.68396	2.08253	-0.395174	0.0654528	-0.39857	-19.0286	-42.1985	-19.1388
1.67898	-0.0712337	2.09396	-0.168492	1.68049	2.10073	-0.414987	0.0972583	-0.420245	-19.8183	-57.7228	-20.0047
1.73012	-0.0858168	2.10882	-0.178844	1.73225	2.11639	-0.378697	0.0930272	-0.38414	-17.9578	-52.0158	-18.1507
1.71693	-0.0854721	2.12362	-0.186875	1.71906	2.13182	-0.406685	0.101403	-0.412766	-19.1506	-54.2624	-19.3621
1.76075	-0.0813637	2.14033	-0.19581	1.76263	2.14926	-0.379579	0.114446	-0.386639	-17.7346	-58.4476	-17.9893
1.78112	-0.105818	2.15773	-0.204581	1.78426	2.1674	-0.376605	0.0987627	-0.383141	-17.4538	-48.2756	-17.6774
