7.520664000000000238e-01	-2.944460000000000133e-02	2.606829999999999981e-01	-7.870699999999999918e-02
1.786995000000000111e-01	-2.481899999999999992e-03	2.657640000000000002e-01	-1.140710000000000057e-01
1.658494000000000079e-01	-6.182139999999999858e-02	2.648909999999999876e-01	-1.489840000000000053e-01
2.407730999999999899e-01	-6.508609999999999396e-02	2.585159999999999680e-01	-1.830450000000000133e-01
1.676844999999999863e-01	-2.047332000000000041e-01	2.513770000000000171e-01	-2.148639999999999994e-01
1.779069000000000067e-01	-5.023679999999999812e-02	2.494790000000000063e-01	-2.379619999999999791e-01
2.406272999999999884e-01	-2.625497999999999998e-01	2.550489999999999702e-01	-2.550729999999999942e-01
2.061949999999999894e-01	-9.634020000000000084e-02	2.683070000000000177e-01	-2.706100000000000172e-01
1.752531999999999979e-01	-1.590467999999999882e-01	2.870500000000000274e-01	-2.825469999999999926e-01
1.980143000000000042e-01	-1.382463999999999915e-01	3.079659999999999620e-01	-2.887820000000000387e-01
3.811430000000000096e-01	-1.696972999999999954e-01	3.281159999999999632e-01	-2.922130000000000005e-01
3.554497999999999824e-01	-1.225697000000000036e-01	3.475530000000000008e-01	-2.907820000000000404e-01
2.754187000000000163e-01	-2.051401999999999948e-01	3.647859999999999991e-01	-2.854630000000000223e-01
6.383124000000000020e-01	-7.895330000000000403e-02	3.780449999999999644e-01	-2.790449999999999875e-01
6.627737000000000211e-01	-9.681420000000000303e-02	3.892430000000000057e-01	-2.702039999999999997e-01
6.150892000000000026e-01	-9.531779999999999420e-02	3.997010000000000285e-01	-2.577769999999999784e-01
6.493757000000000001e-01	-9.566710000000000491e-02	4.091079999999999717e-01	-2.413199999999999790e-01
6.604109000000000229e-01	-8.565979999999999428e-02	4.203800000000000314e-01	-2.213019999999999987e-01
6.402706000000000230e-01	-1.028947000000000056e-01	4.349470000000000280e-01	-1.996330000000000049e-01
5.594400000000000484e-01	-2.903120000000000006e-02	4.544529999999999959e-01	-1.791709999999999969e-01
6.865291000000000032e-01	-1.128047999999999967e-01	4.768729999999999358e-01	-1.567049999999999832e-01
7.358491000000000337e-01	-8.135710000000000164e-02	4.952659999999999840e-01	-1.329880000000000229e-01
7.006586000000000203e-01	-8.160470000000000224e-02	5.056199999999999584e-01	-1.079050000000000009e-01
4.453945000000000265e-01	-7.866789999999999894e-02	5.084489999999999288e-01	-8.210199999999999443e-02
7.908285999999999927e-01	-6.820550000000000224e-02	5.050630000000000397e-01	-5.780399999999999427e-02
7.742417999999999800e-01	-3.726680000000000270e-02	4.947569999999999468e-01	-3.554800000000000321e-02
8.207672999999999774e-01	-2.805420000000000136e-02	4.787100000000000244e-01	-1.434000000000000032e-02
7.299103999999999592e-01	-3.108150000000000149e-02	4.616300000000000403e-01	7.365999999999999284e-03
7.819574000000000247e-01	-3.445530000000000120e-02	4.463130000000000153e-01	2.815099999999999894e-02
1.869043999999999983e-01	5.916099999999999831e-02	4.303430000000000311e-01	4.504100000000000464e-02
7.407928000000000290e-01	-3.345309999999999950e-02	4.138739999999999641e-01	5.837699999999999834e-02
3.873057999999999779e-01	6.515189999999999870e-02	3.979849999999999777e-01	7.052500000000000435e-02
2.584976999999999969e-01	2.992409999999999862e-02	3.845999999999999974e-01	8.438199999999999867e-02
2.238559999999999994e-01	1.143904000000000032e-01	3.745439999999999880e-01	9.837400000000000311e-02
1.916463999999999945e-01	4.607540000000000247e-02	3.668540000000000134e-01	1.082579999999999931e-01
2.617123000000000088e-01	7.220940000000000691e-02	3.594979999999999842e-01	1.158290000000000014e-01
2.410412000000000110e-01	7.022399999999999476e-02	3.528370000000000117e-01	1.245069999999999927e-01
2.861772000000000205e-01	1.090206999999999982e-01	3.499619999999999953e-01	1.303660000000000097e-01
2.406175999999999870e-01	-3.497569999999999846e-02	3.479920000000000235e-01	1.346809999999999952e-01
2.359805000000000097e-01	8.363909999999999401e-02	3.438800000000000190e-01	1.371900000000000064e-01
6.905533000000000365e-01	3.608449999999999852e-02	3.398720000000000074e-01	1.352170000000000039e-01
7.451759000000000022e-01	3.945839999999999764e-02	3.338269999999999849e-01	1.358079999999999843e-01
6.873437999999999493e-01	5.487510000000000304e-02	3.255609999999999893e-01	1.363449999999999940e-01
7.228679000000000077e-01	5.615019999999999734e-02	3.136920000000000264e-01	1.318890000000000062e-01
7.096778000000000253e-01	3.762639999999999735e-02	3.006210000000000271e-01	1.285810000000000008e-01
7.294992999999999617e-01	2.714959999999999943e-02	2.876279999999999948e-01	1.247499999999999998e-01
7.337856999999999852e-01	5.193899999999999906e-02	2.771469999999999767e-01	1.155199999999999977e-01
7.729049999999999532e-01	5.071660000000000057e-02	2.714619999999999811e-01	1.061930000000000096e-01
7.976193000000000310e-01	1.774320000000000064e-02	2.697239999999999638e-01	9.709900000000000475e-02
1.946116999999999986e-01	1.558949999999999919e-02	2.705989999999999784e-01	8.741900000000001059e-02
1.723399999999999932e-01	4.959430000000000088e-02	2.705440000000000067e-01	7.704400000000000137e-02
2.486211999999999867e-01	-3.972200000000000383e-03	2.708679999999999977e-01	6.637200000000000044e-02
2.096174000000000093e-01	3.766289999999999916e-02	2.742449999999999610e-01	5.448500000000000565e-02
2.391253000000000128e-01	-7.874810000000000143e-02	2.789889999999999870e-01	4.195400000000000518e-02
2.631901999999999853e-01	-4.690539999999999987e-02	2.847070000000000434e-01	2.914499999999999730e-02
3.684928000000000092e-01	-1.179644999999999999e-01	2.918270000000000031e-01	1.730299999999999894e-02
3.576037000000000243e-01	4.930900000000000213e-03	3.000739999999999519e-01	4.759000000000000209e-03
5.320882999999999585e-01	-3.686890000000000306e-02	3.102110000000000145e-01	-7.418999999999999380e-03
6.739627999999999730e-01	6.309140000000000581e-02	3.214989999999999792e-01	-1.990899999999999961e-02
6.333959000000000117e-01	-2.935449999999999865e-02	3.312320000000000264e-01	-3.322499999999999759e-02
4.209515999999999813e-01	-1.249800000000000043e-02	3.401049999999999907e-01	-4.714999999999999747e-02
2.632400999999999769e-01	-5.673679999999999696e-02	3.498370000000000091e-01	-6.129299999999999332e-02
3.963035999999999781e-01	-8.952980000000000660e-02	3.588820000000000343e-01	-7.532099999999999906e-02
5.559494999999999854e-01	-9.081909999999999983e-02	3.660760000000000125e-01	-8.702300000000000313e-02
4.375202999999999731e-01	-8.913069999999999327e-02	3.738739999999999841e-01	-9.704999999999999738e-02
3.376038000000000094e-01	-1.420521999999999896e-01	3.814079999999999693e-01	-1.069019999999999970e-01
7.003517999999999688e-01	1.304100000000000051e-02	3.854670000000000041e-01	-1.182329999999999909e-01
5.938896000000000175e-01	-2.661140000000000033e-02	3.878099999999999881e-01	-1.294369999999999965e-01
2.751101000000000241e-01	-1.371876999999999958e-01	3.879070000000000018e-01	-1.395019999999999871e-01
1.116200999999999999e-01	-1.591416999999999971e-01	3.869049999999999989e-01	-1.463949999999999974e-01
2.674746000000000068e-01	-7.898330000000000628e-02	3.884250000000000203e-01	-1.505779999999999896e-01
2.259204999999999963e-01	-1.328948000000000074e-01	3.897489999999999566e-01	-1.521450000000000025e-01
2.433896999999999866e-01	-8.388760000000000661e-02	3.943599999999999883e-01	-1.553390000000000049e-01
2.347916999999999921e-01	-1.352472999999999870e-01	4.009610000000000118e-01	-1.560729999999999895e-01
3.043365000000000098e-01	-3.200250000000000317e-02	4.109529999999999572e-01	-1.537189999999999945e-01
2.437211999999999990e-01	-1.114416000000000018e-01	4.241600000000000370e-01	-1.472410000000000108e-01
3.091211999999999849e-01	-7.425289999999999668e-02	4.360720000000000152e-01	-1.393910000000000149e-01
2.635199999999999765e-01	-1.445729000000000042e-01	4.447499999999999787e-01	-1.311589999999999978e-01
3.604112999999999900e-01	-4.372279999999999917e-02	4.531229999999999425e-01	-1.218349999999999850e-01
2.881947999999999732e-01	-1.553640000000000021e-01	4.605879999999999974e-01	-1.098420000000000091e-01
2.959902999999999840e-01	-1.021588999999999969e-01	4.654659999999999909e-01	-9.849499999999999922e-02
4.258198999999999734e-01	-1.033746999999999999e-01	4.664960000000000218e-01	-8.600499999999999812e-02
3.599126999999999743e-01	-6.976599999999999469e-02	4.636140000000000261e-01	-7.208799999999999930e-02
3.381133000000000055e-01	-9.294520000000000559e-02	4.571029999999999816e-01	-5.859700000000000325e-02
3.627310999999999730e-01	-5.401550000000000101e-02	4.477999999999999758e-01	-4.494800000000000184e-02
2.939335000000000142e-01	2.043009999999999965e-02	4.370529999999999693e-01	-3.114700000000000107e-02
3.405791000000000235e-01	-8.425699999999999509e-03	4.250689999999999746e-01	-1.820199999999999943e-02
2.786908000000000163e-01	1.879290000000000127e-02	4.130800000000000027e-01	-5.968000000000000214e-03
2.798939999999999761e-01	-3.112399999999999889e-02	4.020449999999999857e-01	5.968000000000000214e-03
2.212019000000000069e-01	2.527499999999999886e-02	3.923579999999999846e-01	1.816699999999999912e-02
2.109330000000000094e-01	5.411400000000000238e-02	3.841640000000000055e-01	2.915899999999999742e-02
3.689685999999999799e-01	-1.878180000000000127e-02	3.758059999999999734e-01	3.842600000000000182e-02
3.992397999999999780e-01	-8.991590000000000693e-02	3.652809999999999668e-01	4.998700000000000365e-02
4.123632999999999882e-01	1.334529999999999883e-01	3.537780000000000369e-01	6.194400000000000600e-02
3.443450000000000122e-01	-3.622849999999999682e-02	3.425420000000000131e-01	6.853099999999999470e-02
3.777694999999999803e-01	2.396490000000000078e-02	3.309170000000000167e-01	7.050099999999999423e-02
4.187569999999999903e-01	2.631350000000000008e-02	3.208250000000000268e-01	7.375800000000000411e-02
3.268058999999999825e-01	1.558343000000000089e-01	3.123500000000000165e-01	7.789799999999999502e-02
2.581487000000000087e-01	3.560019999999999851e-02	3.028310000000000168e-01	7.804999999999999438e-02
3.319792999999999772e-01	8.562930000000000541e-02	2.947989999999999777e-01	7.592500000000000637e-02
2.788181000000000132e-01	4.552060000000000134e-02	2.883699999999999597e-01	7.402899999999999758e-02
6.586045000000000371e-01	1.989780000000000021e-02	2.835539999999999727e-01	7.199999999999999456e-02
2.254134999999999889e-01	8.716500000000000289e-03	2.799449999999999994e-01	6.835800000000000209e-02
2.727047000000000221e-01	7.307180000000000619e-02	2.778229999999999866e-01	6.293999999999999595e-02
3.581868000000000274e-01	-7.048590000000000411e-02	2.772050000000000347e-01	5.726900000000000740e-02
6.914065000000000349e-01	3.762429999999999941e-02	2.752100000000000102e-01	5.206100000000000311e-02
2.634967999999999755e-01	3.272970000000000046e-02	2.724779999999999980e-01	4.642099999999999699e-02
2.056121999999999950e-01	8.058100000000000332e-03	2.726339999999999875e-01	3.991800000000000209e-02
2.591243999999999770e-01	4.438460000000000322e-02	2.736580000000000124e-01	3.287799999999999750e-02
2.908698000000000117e-01	3.736470000000000069e-02	2.750290000000000235e-01	2.456200000000000050e-02
1.644160000000000066e-01	1.493680000000000008e-02	2.798849999999999949e-01	1.648600000000000065e-02
7.261830000000000229e-01	2.088380000000000097e-02	2.865460000000000229e-01	8.555999999999999370e-03
7.484821000000000391e-01	1.774550000000000086e-02	2.951130000000000142e-01	3.950000000000000061e-04
2.091494000000000131e-01	-1.057789999999999946e-02	3.026590000000000114e-01	-6.298999999999999912e-03
1.884553999999999951e-01	2.010099999999999908e-03	3.100370000000000070e-01	-1.188600000000000073e-02
2.347949000000000008e-01	-3.260520000000000085e-02	3.161510000000000153e-01	-1.669499999999999804e-02
1.820089000000000012e-01	-3.525940000000000324e-02	3.200419999999999932e-01	-2.116699999999999832e-02
1.763977999999999935e-01	2.458909999999999915e-02	3.226930000000000076e-01	-2.570099999999999815e-02
2.317041999999999990e-01	1.548350000000000073e-02	3.259529999999999927e-01	-2.959900000000000031e-02
3.204334999999999822e-01	-2.577449999999999880e-02	3.312729999999999841e-01	-3.276400000000000146e-02
2.656370000000000120e-01	-6.213660000000000017e-02	3.380690000000000084e-01	-3.703700000000000048e-02
3.293247999999999731e-01	-1.458779000000000048e-01	3.443010000000000237e-01	-4.126200000000000007e-02
3.867683000000000093e-01	-1.688260000000000108e-02	3.487369999999999637e-01	-4.492000000000000159e-02
4.553764000000000145e-01	-8.605329999999999924e-02	3.534840000000000204e-01	-5.008800000000000058e-02
6.404347999999999708e-01	-3.873879999999999685e-02	3.589660000000000073e-01	-5.509600000000000608e-02
3.729467000000000199e-01	-2.924010000000000151e-02	3.639399999999999857e-01	-5.876300000000000273e-02
2.683284000000000225e-01	-6.436119999999999342e-02	3.671579999999999844e-01	-6.195200000000000012e-02
2.895057999999999798e-01	-1.379776000000000058e-01	3.692779999999999951e-01	-6.543699999999999517e-02
7.380784999999999707e-01	-2.174490000000000103e-02	3.714369999999999616e-01	-7.007499999999999840e-02
4.797952999999999801e-01	-1.162358000000000002e-01	3.731470000000000065e-01	-7.388899999999999635e-02
3.774989000000000261e-01	-9.005380000000000329e-02	3.764639999999999653e-01	-7.533700000000000119e-02
6.206397000000000164e-01	-2.924869999999999901e-02	3.832160000000000011e-01	-7.592100000000000237e-02
3.593412000000000273e-01	4.576300000000000159e-03	3.917059999999999986e-01	-7.649100000000000343e-02
3.398532000000000219e-01	-8.054179999999999673e-02	3.969230000000000258e-01	-7.641799999999999982e-02
3.027059999999999751e-01	-1.730680000000000066e-02	3.988039999999999918e-01	-7.522199999999999720e-02
2.878876000000000213e-01	-1.672119999999999856e-02	4.014460000000000250e-01	-7.259899999999999687e-02
2.379564000000000124e-01	-2.554779999999999898e-02	4.079659999999999953e-01	-7.185199999999999920e-02
2.449080999999999897e-01	-2.936739999999999837e-02	4.137709999999999999e-01	-7.135299999999999976e-02
2.498010999999999981e-01	5.671700000000000005e-03	4.166479999999999628e-01	-6.774099999999999566e-02
1.902056000000000024e-01	-1.170373999999999998e-01	4.214789999999999925e-01	-6.168799999999999978e-02
2.284420000000000062e-01	3.149180000000000035e-02	4.260869999999999935e-01	-5.335099999999999565e-02
2.782861999999999836e-01	-1.888470000000000079e-02	4.277630000000000043e-01	-4.192699999999999899e-02
2.989662000000000153e-01	-2.920769999999999963e-02	4.286720000000000530e-01	-3.105000000000000121e-02
2.743746000000000240e-01	-2.176310000000000050e-02	4.282310000000000283e-01	-2.233000000000000262e-02
2.901395999999999975e-01	-3.421800000000000015e-03	4.257239999999999913e-01	-1.225900000000000080e-02
2.314874000000000098e-01	-2.832629999999999870e-02	4.225970000000000004e-01	1.748999999999999904e-03
3.114831000000000127e-01	-4.617040000000000033e-02	4.174979999999999802e-01	1.570600000000000121e-02
3.444552000000000169e-01	-4.785060000000000008e-02	4.107529999999999792e-01	2.784400000000000069e-02
3.524733999999999923e-01	-1.151860000000000037e-02	4.036699999999999733e-01	3.871999999999999748e-02
3.718088999999999977e-01	-1.761930000000000093e-02	3.975780000000000425e-01	5.106200000000000322e-02
2.594310000000000227e-01	4.819650000000000323e-02	3.929570000000000007e-01	6.630499999999998895e-02
3.949114000000000235e-01	-6.954580000000000484e-02	3.921620000000000106e-01	8.389500000000001123e-02
4.450835000000000208e-01	3.351900000000000105e-03	3.972459999999999880e-01	1.037710000000000021e-01
4.285822000000000243e-01	-1.170719999999999920e-02	4.079280000000000128e-01	1.240369999999999945e-01
5.341038999999999648e-01	1.688620000000000121e-01	4.221319999999999517e-01	1.420309999999999906e-01
3.849078000000000221e-01	6.546870000000000467e-02	4.352829999999999755e-01	1.547469999999999957e-01
3.150940999999999881e-01	1.133196999999999954e-01	4.426390000000000602e-01	1.674200000000000133e-01
2.365549999999999875e-01	8.396109999999999685e-02	4.433279999999999998e-01	1.801089999999999913e-01
2.633809999999999762e-01	1.069033999999999957e-01	4.400350000000000095e-01	1.929990000000000039e-01
4.281115999999999810e-01	5.788809999999999789e-02	4.353640000000000287e-01	2.018770000000000009e-01
3.299998000000000098e-01	3.919340000000000324e-02	4.285209999999999853e-01	2.083650000000000224e-01
2.508211000000000190e-01	1.518837000000000104e-01	4.194950000000000068e-01	2.112170000000000158e-01
3.295494999999999952e-01	1.504070000000000060e-02	4.106270000000000198e-01	2.110639999999999739e-01
3.445934999999999970e-01	6.231130000000000002e-02	4.017900000000000360e-01	2.069780000000000231e-01
4.520615000000000050e-01	-2.965239999999999890e-02	3.914270000000000249e-01	1.977180000000000049e-01
3.744753000000000109e-01	1.325226999999999933e-01	3.771239999999999593e-01	1.844490000000000018e-01
7.750352999999999826e-01	4.019530000000000325e-02	3.582679999999999754e-01	1.673509999999999998e-01
4.817330000000000223e-01	8.514309999999999934e-02	3.342999999999999861e-01	1.500759999999999872e-01
7.111241000000000367e-01	4.173520000000000008e-02	3.078780000000000405e-01	1.301769999999999872e-01
3.623127999999999904e-01	1.229800999999999950e-01	2.840539999999999732e-01	1.044980000000000075e-01
4.112004000000000214e-01	9.727349999999999886e-02	2.656649999999999845e-01	7.320899999999999630e-02
2.193441999999999892e-01	8.686760000000000315e-02	2.550040000000000084e-01	3.997300000000000159e-02
2.051619000000000081e-01	-4.866999999999999799e-03	2.524980000000000002e-01	4.674000000000000203e-03
1.633832000000000062e-01	6.351200000000000422e-03	2.561739999999999573e-01	-2.811600000000000210e-02
1.658077000000000023e-01	-5.853619999999999657e-02	2.629070000000000018e-01	-5.864199999999999274e-02
1.510472999999999955e-01	-4.998149999999999815e-02	2.669849999999999723e-01	-9.549500000000001043e-02
2.808467000000000047e-01	-1.468434999999999879e-01	2.651010000000000311e-01	-1.347380000000000244e-01
2.005510000000000070e-01	-8.686090000000000477e-02	2.592289999999999872e-01	-1.712039999999999951e-01
2.192344999999999988e-01	-1.771357000000000070e-01	2.516570000000000196e-01	-2.050099999999999978e-01
1.795136999999999983e-01	-1.927463000000000093e-01	2.488519999999999899e-01	-2.373090000000000199e-01
2.418094000000000077e-01	-1.663776999999999895e-01	2.575860000000000372e-01	-2.659500000000000197e-01
2.412704999999999989e-01	-2.458110000000000017e-01	2.778110000000000301e-01	-2.892060000000000186e-01
2.634271000000000251e-01	-2.382981000000000127e-01	3.030920000000000281e-01	-3.070120000000000071e-01
2.823081000000000063e-01	-3.254612000000000060e-01	3.300329999999999653e-01	-3.196530000000000205e-01
3.358959000000000250e-01	-2.652608000000000188e-01	3.551400000000000112e-01	-3.270639999999999659e-01
3.659019000000000021e-01	-3.434985999999999873e-01	3.754560000000000120e-01	-3.282189999999999830e-01
3.664617000000000013e-01	-3.123675000000000201e-01	3.910489999999999799e-01	-3.249210000000000154e-01
3.708284000000000025e-01	-2.257049999999999890e-01	4.045030000000000014e-01	-3.179069999999999951e-01
4.737644999999999773e-01	-2.640862999999999960e-01	4.163379999999999859e-01	-3.088429999999999787e-01
4.463996000000000075e-01	-1.806458999999999981e-01	4.251399999999999624e-01	-2.971889999999999810e-01
4.104039999999999910e-01	-2.353281000000000123e-01	4.312810000000000255e-01	-2.813309999999999977e-01
2.463397999999999977e-01	-2.460577999999999932e-01	4.367789999999999728e-01	-2.614770000000000150e-01
3.824936999999999920e-01	-2.715775000000000272e-01	4.428760000000000474e-01	-2.382080000000000031e-01
4.175655999999999812e-01	-1.039603000000000055e-01	4.552289999999999948e-01	-2.119989999999999652e-01
4.102314000000000238e-01	-1.501850999999999881e-01	4.753100000000000103e-01	-1.852390000000000148e-01
3.649575999999999931e-01	-1.375924000000000036e-01	4.987659999999999871e-01	-1.586849999999999927e-01
3.130135000000000001e-01	-1.106449999999999934e-01	5.173439999999999150e-01	-1.298910000000000065e-01
3.848683999999999994e-01	-4.689070000000000044e-02	5.262289999999999468e-01	-1.003359999999999946e-01
3.594648999999999761e-01	-1.337123000000000062e-01	5.272359999999999269e-01	-7.076799999999999757e-02
4.034758999999999984e-01	-4.231610000000000232e-02	5.216370000000000173e-01	-4.133500000000000368e-02
4.013746999999999732e-01	-1.935199999999999984e-03	5.089229999999999032e-01	-1.375399999999999887e-02
4.078681000000000112e-01	-1.751899999999999985e-02	4.928589999999999915e-01	1.086999999999999945e-02
4.597482999999999986e-01	-1.590719999999999981e-02	4.771640000000000326e-01	3.420899999999999636e-02
5.789060999999999790e-01	6.897949999999999915e-02	4.593189999999999773e-01	5.888400000000000578e-02
6.242908000000000346e-01	1.346770000000000085e-02	4.407050000000000134e-01	8.210199999999999443e-02
6.829981999999999998e-01	9.748200000000000268e-03	4.281979999999999675e-01	1.011250000000000066e-01
3.944251999999999758e-01	1.416434000000000026e-01	4.210079999999999933e-01	1.181019999999999986e-01
5.524293000000000120e-01	-5.831700000000000078e-02	4.142359999999999931e-01	1.344190000000000107e-01
5.473116999999999566e-01	6.068609999999999977e-02	4.081760000000000388e-01	1.488829999999999876e-01
2.950832999999999928e-01	1.253068999999999988e-01	4.014139999999999930e-01	1.587369999999999892e-01
2.815570000000000017e-01	1.148901999999999979e-01	3.919119999999999826e-01	1.640130000000000199e-01
2.587510000000000088e-01	1.129485999999999962e-01	3.800699999999999634e-01	1.672319999999999918e-01
2.676698000000000133e-01	1.598287999999999931e-01	3.651619999999999866e-01	1.703640000000000154e-01
6.345239000000000296e-01	1.974700000000000066e-02	3.487050000000000427e-01	1.693890000000000118e-01
6.995335000000000303e-01	5.382470000000000310e-02	3.315000000000000169e-01	1.642000000000000126e-01
6.732251000000000207e-01	5.416710000000000275e-02	3.123540000000000205e-01	1.536099999999999965e-01
6.520964999999999678e-01	4.208030000000000104e-02	2.879690000000000305e-01	1.386869999999999770e-01
1.883041000000000020e-01	1.130639999999999944e-02	2.623170000000000224e-01	1.215559999999999974e-01
2.762933000000000194e-01	6.195180000000000131e-02	2.440159999999999829e-01	1.009700000000000042e-01
7.052163999999999655e-01	2.096129999999999868e-02	2.342190000000000105e-01	8.081900000000000195e-02
7.523214000000000290e-01	3.102890000000000162e-02	2.289150000000000074e-01	5.895000000000000240e-02
7.630588000000000370e-01	3.112420000000000117e-02	2.292570000000000163e-01	3.682699999999999863e-02
1.766018000000000032e-01	2.292709999999999887e-02	2.367289999999999950e-01	1.353600000000000116e-02
3.129352000000000245e-01	-6.938650000000000373e-02	2.498019999999999963e-01	-1.140099999999999968e-02
2.462251000000000023e-01	-1.505440000000000077e-02	2.639699999999999824e-01	-3.623500000000000332e-02
3.336528999999999745e-01	-6.036199999999999899e-02	2.790579999999999727e-01	-5.862799999999999956e-02
3.211304999999999854e-01	-6.626120000000000620e-02	2.945150000000000268e-01	-7.860799999999999732e-02
3.155176000000000092e-01	-6.703399999999999637e-02	3.087670000000000137e-01	-9.944500000000000561e-02
6.309820000000000428e-01	-4.314640000000000142e-02	3.191080000000000028e-01	-1.178069999999999951e-01
1.958804000000000101e-01	-7.069580000000000308e-02	3.247209999999999819e-01	-1.323109999999999842e-01
2.470006999999999897e-01	-7.423230000000000106e-02	3.268079999999999874e-01	-1.453440000000000010e-01
1.206537000000000026e-01	-1.420566000000000051e-01	3.278559999999999808e-01	-1.556019999999999903e-01
1.924339999999999939e-01	-1.524771000000000043e-01	3.302179999999999560e-01	-1.619789999999999841e-01
2.032942000000000082e-01	-1.386223000000000039e-01	3.349940000000000140e-01	-1.672589999999999910e-01
3.363271999999999928e-01	-1.114282999999999940e-01	3.440360000000000085e-01	-1.688890000000000113e-01
4.352800000000000002e-01	-1.212030999999999942e-01	3.569260000000000210e-01	-1.668779999999999986e-01
3.277725000000000222e-01	-6.760049999999999393e-02	3.747170000000000223e-01	-1.610979999999999912e-01
2.775101999999999847e-01	-1.388194000000000095e-01	3.968700000000000006e-01	-1.526139999999999997e-01
2.896880000000000011e-01	-7.690059999999999951e-02	4.193890000000000118e-01	-1.405029999999999890e-01
4.048728999999999800e-01	-1.093564999999999954e-01	4.387420000000000209e-01	-1.270479999999999943e-01
4.142891000000000212e-01	-6.681280000000000552e-02	4.534560000000000257e-01	-1.118289999999999978e-01
2.850891999999999871e-01	-9.684700000000000253e-02	4.658220000000000138e-01	-9.392400000000000748e-02
2.608122999999999969e-01	1.083210000000000076e-02	4.764220000000000121e-01	-7.567000000000000115e-02
3.449502999999999875e-01	-5.002999999999999635e-03	4.803979999999999362e-01	-5.810299999999999493e-02
2.956103999999999954e-01	-1.631420000000000092e-02	4.768449999999999633e-01	-4.147499999999999798e-02
3.377823999999999827e-01	2.333769999999999942e-02	4.696869999999999656e-01	-2.394100000000000047e-02
3.158894999999999897e-01	5.856440000000000257e-02	4.599920000000000120e-01	-5.147999999999999798e-03
3.473917000000000255e-01	1.253949000000000036e-01	4.469859999999999944e-01	1.466500000000000095e-02
3.355832000000000259e-01	6.053510000000000141e-02	4.332109999999999572e-01	3.383999999999999508e-02
3.398862999999999746e-01	7.417640000000000344e-02	4.211020000000000318e-01	5.249500000000000693e-02
3.440505999999999842e-01	1.060339000000000004e-01	4.125529999999999475e-01	7.119099999999999040e-02
3.179292000000000229e-01	1.236729999999999947e-02	4.093669999999999809e-01	9.304400000000000170e-02
3.520428999999999919e-01	1.128481000000000067e-01	4.103920000000000345e-01	1.151329999999999992e-01
3.239574000000000065e-01	9.629240000000000022e-02	4.163060000000000649e-01	1.322200000000000042e-01
3.202636999999999845e-01	1.417499999999999871e-01	4.279580000000000051e-01	1.454339999999999800e-01
3.942192999999999947e-01	6.737949999999999495e-02	4.411499999999999866e-01	1.602140000000000231e-01
4.254606000000000221e-01	6.747920000000000307e-02	4.489180000000000392e-01	1.762489999999999890e-01
3.838165000000000049e-01	1.262214000000000114e-01	4.507670000000000288e-01	1.906249999999999889e-01
4.244931000000000121e-01	1.468210000000000001e-02	4.493779999999999997e-01	2.006209999999999938e-01
3.402782999999999780e-01	1.121352000000000043e-01	4.437550000000000106e-01	2.057489999999999875e-01
4.735751000000000266e-01	2.537669999999999856e-02	4.320459999999999856e-01	2.067420000000000091e-01
3.914829000000000225e-01	2.171887000000000123e-01	4.165270000000000361e-01	2.051679999999999893e-01
3.455155999999999783e-01	1.664702000000000126e-01	4.012469999999999648e-01	1.993810000000000027e-01
3.576568999999999998e-01	1.946498999999999868e-01	3.870000000000000107e-01	1.908040000000000014e-01
3.585582999999999965e-01	1.661166000000000031e-01	3.747199999999999975e-01	1.812180000000000180e-01
2.502460000000000240e-01	1.677172000000000107e-01	3.632250000000000201e-01	1.721530000000000005e-01
7.381803999999999588e-01	5.639799999999999675e-02	3.477919999999999900e-01	1.589959999999999984e-01
2.114439999999999931e-01	8.249779999999999613e-02	3.282209999999999850e-01	1.375939999999999941e-01
2.726341999999999932e-01	4.237629999999999869e-02	3.062840000000000007e-01	1.120160000000000045e-01
2.215824999999999878e-01	1.005715999999999971e-01	2.854729999999999768e-01	8.650800000000000156e-02
2.122204000000000035e-01	1.063129000000000018e-01	2.659839999999999982e-01	5.617899999999999977e-02
2.172912999999999928e-01	-5.551579999999999709e-02	2.541689999999999783e-01	2.622900000000000231e-02
2.433887999999999885e-01	-2.919399999999999946e-03	2.529669999999999974e-01	-9.519999999999999383e-04
2.016426000000000052e-01	-2.504879999999999954e-02	2.561110000000000331e-01	-3.225000000000000089e-02
1.925590000000000079e-01	-5.725979999999999959e-02	2.599869999999999681e-01	-6.851100000000000245e-02
1.614415999999999907e-01	-7.253320000000000600e-02	2.626280000000000281e-01	-1.068589999999999957e-01
1.598732999999999960e-01	-9.525569999999999871e-02	2.619500000000000162e-01	-1.443270000000000108e-01
1.177846000000000032e-01	-1.355587000000000042e-01	2.537980000000000236e-01	-1.779599999999999793e-01
1.935186999999999879e-01	-1.126483999999999958e-01	2.412409999999999832e-01	-2.067590000000000261e-01
1.592448999999999948e-01	-2.098372000000000015e-01	2.364260000000000250e-01	-2.342460000000000098e-01
2.065629999999999966e-01	-2.159165999999999863e-01	2.434820000000000040e-01	-2.596950000000000092e-01
2.484878000000000087e-01	-2.739331999999999878e-01	2.585020000000000095e-01	-2.800489999999999924e-01
3.542162999999999839e-01	-3.421996999999999955e-01	2.794880000000000142e-01	-2.934749999999999859e-01
3.912043000000000048e-01	-2.228913999999999895e-01	3.034109999999999863e-01	-3.028810000000000113e-01
2.477746999999999866e-01	-3.095924999999999927e-01	3.271510000000000251e-01	-3.087529999999999997e-01
4.911851999999999885e-01	-2.996465999999999852e-01	3.482260000000000355e-01	-3.111979999999999746e-01
4.080533000000000077e-01	-3.607159999999999811e-01	3.654729999999999923e-01	-3.085300000000000264e-01
3.771212999999999926e-01	-3.645553999999999739e-01	3.827170000000000294e-01	-3.012790000000000190e-01
7.029469000000000412e-01	-1.453419999999999990e-01	3.994110000000000160e-01	-2.922000000000000153e-01
2.916831999999999758e-01	-1.960833999999999910e-01	4.138040000000000052e-01	-2.803050000000000264e-01
6.785837999999999592e-01	-1.060119999999999951e-01	4.264680000000000137e-01	-2.657360000000000277e-01
7.192134999999999501e-01	-1.159590999999999955e-01	4.377149999999999652e-01	-2.470209999999999906e-01
7.201244999999999452e-01	-1.043730999999999964e-01	4.501680000000000126e-01	-2.240670000000000162e-01
7.833575000000000399e-01	-8.155439999999999912e-02	4.669590000000000130e-01	-1.981930000000000081e-01
7.950038000000000382e-01	-9.304529999999999745e-02	4.889520000000000532e-01	-1.706670000000000131e-01
8.462798999999999738e-01	-8.530659999999999632e-02	5.095750000000000002e-01	-1.427859999999999963e-01
8.439662999999999471e-01	-5.208630000000000204e-02	5.226939999999999920e-01	-1.126960000000000045e-01
7.873769999999999936e-01	-5.518320000000000169e-02	5.276330000000000187e-01	-8.069500000000000284e-02
8.286531999999999787e-01	-7.408109999999999695e-02	5.270640000000000880e-01	-5.114499999999999602e-02
8.344983999999999735e-01	-4.032319999999999655e-02	5.185710000000000042e-01	-2.472299999999999845e-02
9.036887000000000114e-01	-5.571750000000000314e-02	5.014420000000000543e-01	2.884999999999999978e-03
8.218992000000000520e-01	-4.007840000000000014e-02	4.812180000000000346e-01	3.160299999999999915e-02
9.322597000000000245e-01	-1.499870000000000023e-02	4.642310000000000603e-01	5.812000000000000499e-02
8.525897999999999533e-01	-9.701500000000000054e-03	4.530680000000000263e-01	8.304600000000000870e-02
8.320691000000000059e-01	-7.590000000000000175e-04	4.459550000000000458e-01	1.050839999999999969e-01
2.370643000000000056e-01	1.431510000000000074e-02	4.403319999999999457e-01	1.270069999999999810e-01
8.398898999999999671e-01	1.700499999999999928e-02	4.352930000000000410e-01	1.492970000000000130e-01
3.554912000000000072e-01	1.062014000000000014e-01	4.307970000000000410e-01	1.669670000000000043e-01
4.878693000000000057e-01	2.172090000000000132e-01	4.241550000000000042e-01	1.813049999999999939e-01
4.272316999999999920e-01	1.256560999999999928e-01	4.145490000000000008e-01	1.906319999999999959e-01
4.557204999999999728e-01	2.133707999999999994e-01	4.042719999999999647e-01	1.965679999999999927e-01
8.452534999999999910e-01	4.409049999999999775e-02	3.941860000000000364e-01	2.008479999999999988e-01
8.700172000000000461e-01	3.861479999999999774e-02	3.813509999999999955e-01	2.021560000000000024e-01
7.889192000000000426e-01	2.805869999999999892e-02	3.678089999999999971e-01	2.008300000000000085e-01
8.577443000000000151e-01	3.234290000000000082e-02	3.559860000000000246e-01	1.957619999999999916e-01
7.545806999999999931e-01	4.946459999999999746e-02	3.442800000000000304e-01	1.857250000000000012e-01
6.857919999999999572e-01	4.171500000000000208e-02	3.266550000000000287e-01	1.728169999999999984e-01
7.615252999999999606e-01	2.496419999999999889e-02	3.047119999999999829e-01	1.562769999999999992e-01
7.795208000000000137e-01	1.786739999999999856e-02	2.824110000000000231e-01	1.359579999999999955e-01
7.892869999999999608e-01	3.444930000000000214e-02	2.632390000000000008e-01	1.132859999999999839e-01
7.630930999999999687e-01	2.867699999999999937e-03	2.466969999999999719e-01	9.155000000000000637e-02
6.979518000000000111e-01	2.925619999999999957e-02	2.378920000000000201e-01	7.059400000000000397e-02
7.450784000000000296e-01	9.169699999999999379e-03	2.397719999999999851e-01	4.562200000000000283e-02
7.588046000000000513e-01	6.080999999999999600e-03	2.458539999999999892e-01	1.839499999999999816e-02
8.250305000000000000e-01	3.823099999999999849e-03	2.551120000000000054e-01	-7.270000000000000420e-03
7.240138000000000407e-01	5.581700000000000203e-03	2.677800000000000180e-01	-3.048800000000000121e-02
7.858055999999999930e-01	2.088399999999999805e-03	2.833689999999999820e-01	-5.231799999999999645e-02
7.801624999999999810e-01	-8.853800000000000212e-03	3.011519999999999753e-01	-7.356200000000000239e-02
2.051360000000000128e-01	-3.789089999999999819e-02	3.191280000000000228e-01	-9.436599999999999155e-02
2.171955000000000136e-01	-1.913789999999999936e-02	3.332110000000000349e-01	-1.145579999999999932e-01
7.839131999999999767e-01	-3.271269999999999734e-02	3.420949999999999824e-01	-1.318980000000000152e-01
7.251214999999999744e-01	-1.549350000000000033e-02	3.497439999999999993e-01	-1.447430000000000105e-01
7.439755000000000118e-01	-2.810680000000000123e-02	3.553610000000000380e-01	-1.547300000000000064e-01
7.372353000000000378e-01	-4.030940000000000217e-02	3.576010000000000022e-01	-1.610209999999999975e-01
7.941137000000000334e-01	-2.911009999999999986e-02	3.619829999999999992e-01	-1.631200000000000150e-01
2.800112000000000156e-01	-1.364383999999999875e-01	3.718099999999999739e-01	-1.613769999999999927e-01
4.219284999999999841e-01	-9.951799999999999535e-02	3.838739999999999930e-01	-1.573700000000000099e-01
8.351212999999999553e-01	-3.652579999999999716e-02	3.970010000000000483e-01	-1.535819999999999963e-01
3.112633000000000205e-01	-8.802150000000000252e-02	4.083840000000000248e-01	-1.462839999999999974e-01
2.920726000000000155e-01	-1.895590000000000122e-02	4.189760000000000151e-01	-1.370520000000000072e-01
2.012980000000000047e-01	-4.288639999999999813e-02	4.270229999999999304e-01	-1.284260000000000124e-01
3.901344999999999952e-01	-5.948529999999999790e-02	4.316680000000000517e-01	-1.180490000000000012e-01
3.464165000000000161e-01	-8.103849999999999942e-02	4.349540000000000073e-01	-1.055289999999999978e-01
2.214528000000000052e-01	-7.267840000000000411e-02	4.374590000000000423e-01	-9.101199999999999568e-02
2.452499999999999958e-01	-1.109857999999999956e-01	4.375829999999999997e-01	-7.607999999999999485e-02
3.262769999999999837e-01	-2.457459999999999853e-02	4.344580000000000108e-01	-6.113400000000000084e-02
3.167710000000000248e-01	-1.156712000000000018e-01	4.279510000000000258e-01	-4.688399999999999512e-02
2.066476999999999897e-01	2.483259999999999981e-02	4.191859999999999475e-01	-3.573399999999999493e-02
3.558986000000000094e-01	-2.826659999999999937e-02	4.083510000000000195e-01	-2.759499999999999800e-02
2.832122000000000250e-01	2.636420000000000083e-02	3.985380000000000034e-01	-1.946499999999999966e-02
3.975086999999999926e-01	-5.354769999999999669e-02	3.904859999999999998e-01	-1.049800000000000039e-02
3.902919999999999723e-01	4.007400000000000372e-03	3.822010000000000129e-01	-2.723000000000000160e-03
3.027800999999999965e-01	-3.258230000000000154e-02	3.700680000000000081e-01	4.990999999999999777e-03
3.603452999999999795e-01	2.963620000000000143e-02	3.585430000000000006e-01	1.169599999999999980e-02
3.506037000000000181e-01	-5.789389999999999814e-02	3.506079999999999752e-01	1.553600000000000120e-02
4.114073999999999787e-01	1.047479999999999939e-02	3.422890000000000099e-01	1.848899999999999849e-02
3.377930000000000099e-01	1.115649999999999975e-02	3.309230000000000227e-01	1.993899999999999839e-02
3.020696999999999965e-01	1.527300000000000012e-02	3.191309999999999980e-01	1.699699999999999822e-02
3.489413000000000098e-01	3.845509999999999901e-02	3.109159999999999702e-01	1.414499999999999959e-02
3.192176999999999931e-01	1.141209999999999967e-02	3.053869999999999640e-01	1.428499999999999909e-02
4.306741000000000041e-01	-1.552100000000000051e-03	3.005909999999999971e-01	1.372100000000000056e-02
4.533299000000000079e-01	3.652999999999999997e-03	2.977619999999999711e-01	1.495999999999999934e-02
3.555549000000000071e-01	-2.814739999999999950e-02	2.941409999999999858e-01	1.493199999999999909e-02
3.305723999999999885e-01	-2.824859999999999871e-02	2.904360000000000275e-01	1.008500000000000021e-02
3.893162000000000011e-01	6.414309999999999456e-02	2.901159999999999850e-01	1.082000000000000062e-03
2.962505000000000277e-01	-1.985079999999999831e-02	2.943250000000000033e-01	-8.052000000000000129e-03
2.818283999999999789e-01	-5.777799999999999603e-03	2.990610000000000213e-01	-1.737400000000000055e-02
3.164202999999999877e-01	-6.183700000000000307e-03	3.009479999999999933e-01	-2.226299999999999807e-02
1.912468999999999975e-01	-1.585229999999999972e-02	3.046150000000000246e-01	-2.613299999999999998e-02
1.959755999999999998e-01	-3.883940000000000309e-02	3.105999999999999872e-01	-3.274599999999999733e-02
2.379346999999999990e-01	-2.984639999999999863e-02	3.156150000000000344e-01	-4.092599999999999710e-02
2.385856000000000088e-01	-1.031939000000000051e-01	3.186789999999999901e-01	-4.777599999999999902e-02
6.055783000000000138e-01	-3.189879999999999799e-02	3.241060000000000052e-01	-5.356499999999999456e-02
1.943232000000000015e-01	-5.364320000000000199e-02	3.318260000000000098e-01	-5.804900000000000337e-02
2.731940999999999953e-01	-7.861849999999999394e-02	3.399329999999999852e-01	-5.976900000000000268e-02
2.785489999999999911e-01	-8.808149999999999313e-02	3.469079999999999941e-01	-6.346999999999999864e-02
6.660854000000000497e-01	-4.879390000000000116e-02	3.530840000000000090e-01	-6.658600000000000629e-02
6.632436000000000442e-01	-2.520630000000000093e-02	3.603459999999999996e-01	-6.389100000000000334e-02
2.791919999999999957e-01	-9.236089999999999578e-02	3.685630000000000295e-01	-5.917200000000000237e-02
2.132426000000000044e-01	-9.957270000000000010e-02	3.759810000000000096e-01	-5.701799999999999230e-02
2.112446000000000046e-01	-6.221290000000000153e-02	3.821530000000000205e-01	-5.647200000000000136e-02
2.662629000000000246e-01	-3.354879999999999668e-02	3.850600000000000134e-01	-5.447899999999999965e-02
3.019369000000000081e-01	-5.818300000000000208e-03	3.857090000000000241e-01	-4.782000000000000139e-02
2.947527999999999815e-01	-2.699079999999999882e-02	3.873739999999999961e-01	-3.964999999999999775e-02
6.565982000000000207e-01	-1.609379999999999838e-02	3.906030000000000335e-01	-3.464800000000000518e-02
3.004113999999999951e-01	-3.340250000000000163e-02	3.943209999999999771e-01	-3.041700000000000306e-02
3.750356000000000245e-01	-5.397260000000000252e-02	3.969050000000000078e-01	-2.507900000000000060e-02
3.892422999999999855e-01	-1.491529999999999939e-02	3.966629999999999878e-01	-1.884999999999999870e-02
4.202415999999999929e-01	-1.211451999999999946e-01	3.943070000000000186e-01	-1.079500000000000078e-02
5.565993000000000190e-01	1.223980000000000033e-02	3.914590000000000014e-01	-3.770000000000000022e-04
7.401695999999999831e-01	1.194279999999999994e-02	3.885669999999999957e-01	9.872000000000000566e-03
3.878537000000000234e-01	-4.412989999999999968e-02	3.853619999999999823e-01	2.017499999999999849e-02
3.100909000000000026e-01	1.554400000000000052e-03	3.820370000000000155e-01	2.924900000000000069e-02
4.165576999999999752e-01	-6.825200000000000017e-03	3.789760000000000351e-01	3.658000000000000140e-02
7.816830999999999641e-01	1.570850000000000024e-02	3.746729999999999783e-01	4.269799999999999984e-02
4.133922999999999903e-01	-1.630639999999999867e-02	3.692440000000000166e-01	5.177699999999999664e-02
7.280098999999999876e-01	2.004430000000000101e-02	3.631099999999999883e-01	6.533500000000000418e-02
4.308614000000000055e-01	4.229979999999999851e-02	3.591770000000000240e-01	8.044999999999999374e-02
2.441184000000000132e-01	-3.860800000000000169e-03	3.586280000000000023e-01	9.485299999999999288e-02
3.017389999999999795e-01	1.602280000000000024e-02	3.589849999999999985e-01	1.030039999999999983e-01
3.267676999999999943e-01	-3.065990000000000035e-02	3.578230000000000022e-01	1.078469999999999984e-01
3.788023999999999836e-01	6.530619999999999481e-02	3.568300000000000360e-01	1.159390000000000143e-01
3.663781999999999872e-01	2.602999999999999845e-03	3.558530000000000304e-01	1.235959999999999975e-01
4.017337000000000269e-01	5.047600000000000003e-02	3.567629999999999968e-01	1.305189999999999961e-01
2.602086000000000121e-01	-1.592520000000000047e-02	3.600450000000000039e-01	1.342929999999999957e-01
2.620739000000000263e-01	3.420600000000000029e-02	3.625300000000000189e-01	1.385230000000000072e-01
7.676288000000000000e-01	3.907059999999999700e-02	3.596500000000000252e-01	1.425200000000000078e-01
3.861768999999999896e-01	1.133327999999999974e-01	3.567020000000000191e-01	1.444339999999999791e-01
3.941631999999999914e-01	6.700259999999999549e-02	3.513510000000000244e-01	1.458430000000000004e-01
4.393367000000000244e-01	3.061490000000000045e-02	3.428300000000000236e-01	1.445569999999999911e-01
2.707724000000000242e-01	1.142591000000000023e-01	3.342010000000000258e-01	1.399759999999999893e-01
7.740867000000000164e-01	3.908389999999999781e-02	3.243909999999999849e-01	1.341259999999999952e-01
8.025881000000000265e-01	5.968509999999999788e-02	3.123110000000000053e-01	1.264549999999999841e-01
7.876691999999999583e-01	3.386059999999999764e-02	3.045519999999999894e-01	1.110020000000000034e-01
7.576922000000000379e-01	4.275559999999999777e-02	2.988919999999999910e-01	9.715300000000000324e-02
2.752354000000000189e-01	-6.107999999999999714e-03	2.930139999999999967e-01	8.516400000000000359e-02
4.042555999999999927e-01	1.425240999999999869e-01	2.882600000000000162e-01	6.826499999999999235e-02
2.739371999999999918e-01	-2.668010000000000173e-02	2.866420000000000079e-01	5.097200000000000342e-02
1.868608999999999964e-01	-2.992700000000000048e-03	2.911650000000000071e-01	3.243700000000000055e-02
2.381684000000000023e-01	1.406519999999999992e-02	3.007440000000000113e-01	1.132999999999999979e-02
4.146925000000000194e-01	3.088720000000000007e-02	3.100680000000000103e-01	-4.884000000000000320e-03
3.582020000000000204e-01	-9.773709999999999343e-02	3.183449999999999891e-01	-2.261799999999999922e-02
1.814382999999999968e-01	-3.354920000000000124e-02	3.280480000000000063e-01	-4.604300000000000059e-02
2.582463999999999871e-01	-1.488765999999999978e-01	3.382399999999999851e-01	-6.574099999999999389e-02
3.364847000000000254e-01	-3.257580000000000198e-02	3.495489999999999986e-01	-7.950100000000000222e-02
2.355929999999999969e-01	-1.542681999999999942e-01	3.609499999999999931e-01	-9.166000000000000536e-02
2.752996999999999805e-01	-1.534829000000000054e-01	3.683119999999999727e-01	-1.086599999999999927e-01
2.675962000000000063e-01	-1.748454000000000119e-01	3.720749999999999891e-01	-1.251110000000000000e-01
3.610578999999999872e-01	-1.450014000000000025e-01	3.773549999999999960e-01	-1.352470000000000061e-01
3.406722999999999835e-01	-3.079057000000000044e-01	3.858079999999999843e-01	-1.426609999999999823e-01
4.204495999999999789e-01	-1.566437999999999997e-01	3.917329999999999979e-01	-1.493259999999999865e-01
3.105729999999999880e-01	-1.934857000000000105e-01	3.943340000000000178e-01	-1.532690000000000163e-01
2.791976999999999931e-01	-1.423646000000000078e-01	3.965429999999999788e-01	-1.542650000000000132e-01
2.531598999999999933e-01	-1.710166999999999937e-01	4.024240000000000039e-01	-1.549880000000000146e-01
3.136708999999999747e-01	-9.492539999999999312e-02	4.127419999999999978e-01	-1.536919999999999953e-01
6.679831000000000518e-01	-7.569090000000000540e-02	4.224840000000000262e-01	-1.511740000000000028e-01
2.779409999999999936e-01	-1.094456000000000040e-01	4.314430000000000209e-01	-1.471119999999999928e-01
2.641551999999999789e-01	-3.323210000000000053e-02	4.400359999999999827e-01	-1.375230000000000063e-01
3.134273000000000198e-01	-1.335899999999999935e-02	4.474390000000000311e-01	-1.258509999999999907e-01
3.517200999999999800e-01	-1.061528999999999945e-01	4.540470000000000339e-01	-1.147549999999999959e-01
3.537150000000000016e-01	-7.468070000000000264e-02	4.585529999999999884e-01	-1.037740000000000051e-01
4.390686999999999784e-01	-1.227903999999999940e-01	4.589880000000000071e-01	-8.881699999999999318e-02
3.083280999999999938e-01	1.182320000000000072e-02	4.569409999999999861e-01	-7.526700000000000057e-02
2.493866000000000138e-01	-4.162020000000000303e-02	4.533069999999999600e-01	-6.514299999999999258e-02
3.293388999999999900e-01	-4.145399999999999606e-03	4.460899999999999865e-01	-5.538400000000000267e-02
7.319788999999999879e-01	-4.497070000000000234e-02	4.347789999999999710e-01	-4.601500000000000035e-02
7.485958000000000334e-01	-2.235030000000000003e-02	4.225430000000000019e-01	-3.927599999999999841e-02
2.233475000000000044e-01	-6.722899999999999709e-02	4.109229999999999827e-01	-3.379100000000000159e-02
2.911982000000000181e-01	2.173599999999999838e-02	3.982229999999999936e-01	-2.740500000000000227e-02
2.173887999999999932e-01	-2.127530000000000046e-02	3.845250000000000057e-01	-2.235999999999999793e-02
2.263016999999999945e-01	-1.222559999999999966e-02	3.724810000000000065e-01	-1.787199999999999900e-02
7.324825999999999837e-01	-3.010650000000000132e-02	3.627239999999999909e-01	-1.524300000000000134e-02
3.161105000000000165e-01	-1.679289999999999949e-02	3.534320000000000239e-01	-1.588900000000000035e-02
6.581430000000000335e-01	-3.559099999999999764e-02	3.438780000000000170e-01	-1.795599999999999974e-02
3.205040000000000111e-01	2.708810000000000037e-02	3.353019999999999889e-01	-1.924499999999999822e-02
3.402430000000000176e-01	3.355499999999999976e-03	3.294199999999999906e-01	-2.387299999999999839e-02
2.249822999999999962e-01	1.303439999999999981e-02	3.247530000000000139e-01	-3.095499999999999988e-02
2.054032000000000080e-01	-2.862169999999999992e-02	3.211669999999999803e-01	-3.683199999999999669e-02
1.778242999999999907e-01	-1.092749999999999971e-02	3.190969999999999640e-01	-4.127000000000000113e-02
2.443714999999999915e-01	-5.932729999999999948e-02	3.196969999999999534e-01	-4.689300000000000412e-02
2.272339999999999915e-01	-1.712380000000000152e-02	3.219659999999999744e-01	-5.452499999999999708e-02
2.062489000000000128e-01	-3.678250000000000269e-02	3.242670000000000274e-01	-6.370599999999999874e-02
1.960697999999999885e-01	-4.086999999999999661e-02	3.269369999999999776e-01	-7.166900000000001048e-02
2.341585999999999945e-01	-1.128654999999999936e-01	3.317469999999999586e-01	-7.903400000000000702e-02
1.999145999999999979e-01	-3.982560000000000267e-02	3.381530000000000369e-01	-8.563400000000000178e-02
2.597075999999999829e-01	-7.726869999999999572e-02	3.464659999999999962e-01	-9.038400000000000600e-02
2.801037000000000110e-01	-9.081530000000000158e-02	3.547000000000000153e-01	-9.381000000000000449e-02
1.591008999999999896e-01	-8.946610000000000673e-02	3.631440000000000223e-01	-9.794100000000000028e-02
2.134253000000000122e-01	-1.342291999999999930e-01	3.724159999999999693e-01	-9.972000000000000308e-02
2.567311999999999927e-01	-7.184300000000000234e-03	3.821829999999999949e-01	-9.708600000000000563e-02
6.602609999999999868e-01	-4.879030000000000172e-02	3.902680000000000038e-01	-9.355499999999999927e-02
2.272300999999999904e-01	-2.100049999999999834e-02	3.960760000000000391e-01	-8.992400000000000393e-02
2.512852999999999892e-01	-7.335619999999999641e-02	4.023519999999999874e-01	-8.466100000000000014e-02
3.052863000000000104e-01	-2.366609999999999894e-02	4.089650000000000230e-01	-7.798700000000000077e-02
6.266772999999999927e-01	-3.425729999999999748e-02	4.142750000000000044e-01	-6.887699999999999378e-02
2.079347000000000001e-01	-1.797409999999999980e-02	4.170260000000000078e-01	-5.712400000000000116e-02
3.261815000000000131e-01	-9.514090000000000047e-02	4.185710000000000264e-01	-4.533600000000000130e-02
2.459628000000000092e-01	-4.375300000000000369e-03	4.186259999999999981e-01	-3.331200000000000133e-02
3.683517000000000041e-01	-4.579609999999999931e-02	4.165960000000000218e-01	-2.118899999999999950e-02
3.329794999999999838e-01	6.792199999999999974e-03	4.147359999999999935e-01	-8.620000000000000925e-03
4.529575000000000129e-01	-5.925880000000000036e-02	4.127979999999999428e-01	5.111999999999999357e-03
2.474476999999999927e-01	-3.139369999999999661e-02	4.092939999999999912e-01	1.772199999999999817e-02
3.565794999999999937e-01	-6.147960000000000230e-02	4.043910000000000005e-01	2.933999999999999803e-02
3.423478999999999828e-01	-3.323550000000000115e-02	3.986590000000000411e-01	4.440199999999999703e-02
3.929950999999999861e-01	-6.674420000000000353e-02	3.936409999999999632e-01	6.155499999999999861e-02
3.441274000000000277e-01	-8.341599999999999362e-03	3.905949999999999700e-01	7.803400000000000614e-02
3.632311999999999763e-01	2.569760000000000100e-02	3.882690000000000308e-01	9.230900000000000216e-02
3.220272000000000134e-01	6.136899999999999994e-02	3.869070000000000009e-01	1.059970000000000079e-01
3.658253000000000199e-01	-2.188330000000000136e-02	3.882130000000000303e-01	1.203720000000000068e-01
3.888450999999999991e-01	5.017880000000000257e-02	3.923780000000000046e-01	1.333590000000000053e-01
3.310798999999999825e-01	5.451960000000000139e-02	3.987729999999999886e-01	1.446810000000000040e-01
7.688171000000000310e-01	4.938010000000000316e-02	4.060920000000000085e-01	1.536939999999999973e-01
7.764813000000000409e-01	3.891689999999999733e-02	4.127729999999999455e-01	1.594880000000000186e-01
7.814579999999999860e-01	6.036629999999999774e-02	4.186920000000000086e-01	1.650059999999999860e-01
3.467969000000000190e-01	4.628050000000000219e-02	4.216420000000000168e-01	1.706859999999999766e-01
4.029739999999999989e-01	8.246639999999999526e-02	4.219300000000000272e-01	1.735160000000000036e-01
7.626781999999999728e-01	5.623419999999999808e-02	4.201420000000000154e-01	1.746570000000000067e-01
